,0,1,2,3,4,5,6,7,8,9,10,11,12,13,14,15,16,17,18,19,20,21,22,23
0,0.2421,0.2354,0.2284,0.22699999999999998,0.2271,0.2284,0.2457,0.2728,0.2841,0.2915,0.272,0.275,0.2625,0.2546,0.25429999999999997,0.26170000000000004,0.2979,0.34759999999999996,0.34149999999999997,0.3361,0.3197,0.2869,0.2837,0.2803
1,0.2379,0.22510000000000002,0.2169,0.21710000000000002,0.2177,0.2316,0.2696,0.2847,0.2812,0.2758,0.2888,0.2808,0.2747,0.2703,0.271,0.2695,0.2872,0.3153,0.2969,0.29600000000000004,0.2792,0.2588,0.2404,0.22719999999999999
2,0.23579999999999998,0.2145,0.2029,0.20370000000000002,0.2086,0.2324,0.3218,0.3502,0.3455,0.32899999999999996,0.3361,0.3243,0.3147,0.3127,0.3126,0.3048,0.3298,0.36979999999999996,0.3543,0.33130000000000004,0.3107,0.27699999999999997,0.26289999999999997,0.2395
3,0.23879999999999998,0.22699999999999998,0.21989999999999998,0.22640000000000002,0.2343,0.2707,0.32170000000000004,0.3753,0.38799999999999996,0.3776,0.3736,0.36810000000000004,0.3654,0.3547,0.3442,0.3296,0.36979999999999996,0.4343,0.38659999999999994,0.35729999999999995,0.3558,0.3182,0.2863,0.26649999999999996
4,0.2711,0.25170000000000003,0.2382,0.25,0.2655,0.2903,0.43579999999999997,0.4537,0.42869999999999997,0.4069,0.40090000000000003,0.36469999999999997,0.3502,0.34659999999999996,0.3356,0.3465,0.42869999999999997,0.563,0.47200000000000003,0.43079999999999996,0.418,0.3797,0.3387,0.32549999999999996
5,0.2927,0.29469999999999996,0.2898,0.301,0.31670000000000004,0.3486,0.44270000000000004,0.49439999999999995,0.4436,0.40850000000000003,0.38439999999999996,0.3699,0.3601,0.3539,0.3465,0.3544,0.4061,0.5672999999999999,0.4569,0.44380000000000003,0.4274,0.3893,0.3638,0.3628
6,0.3766,0.3677,0.3579,0.3577,0.3546,0.3575,0.40159999999999996,0.4518,0.4496,0.4086,0.3931,0.366,0.35710000000000003,0.35200000000000004,0.34590000000000004,0.3507,0.3948,0.5217,0.4772,0.4597,0.4464,0.43200000000000005,0.3983,0.3725
7,0.3699,0.35719999999999996,0.35950000000000004,0.3583,0.3629,0.3639,0.3923,0.43229999999999996,0.4218,0.3874,0.3832,0.3664,0.3626,0.36,0.36229999999999996,0.36719999999999997,0.4282,0.5749,0.5224,0.49310000000000004,0.4625,0.4144,0.38280000000000003,0.3677
8,0.3059,0.2957,0.2954,0.2944,0.2954,0.3542,0.4517,0.547,0.5175,0.4521,0.4303,0.371,0.35619999999999996,0.3532,0.34259999999999996,0.34240000000000004,0.3826,0.5474,0.44630000000000003,0.426,0.40509999999999996,0.3713,0.3502,0.32799999999999996
9,0.3611,0.35,0.3471,0.35259999999999997,0.3664,0.4474,0.6114999999999999,0.8305,0.6053000000000001,0.49079999999999996,0.5216,0.4354,0.3987,0.4021,0.391,0.3895,0.4594,0.6002000000000001,0.5314,0.5312,0.5036999999999999,0.43320000000000003,0.3932,0.3763
10,0.38530000000000003,0.36840000000000006,0.36719999999999997,0.36619999999999997,0.37229999999999996,0.4451,0.5751,0.8051999999999999,0.5329999999999999,0.4461,0.4421,0.4096,0.3801,0.373,0.37,0.3675,0.4366,0.5757,0.46590000000000004,0.462,0.4293,0.38280000000000003,0.364,0.3073
11,0.294,0.2913,0.2797,0.2792,0.2893,0.3074,0.3911,0.43079999999999996,0.40490000000000004,0.373,0.3704,0.3743,0.3619,0.35009999999999997,0.3166,0.30670000000000003,0.3532,0.41450000000000004,0.37189999999999995,0.3575,0.3261,0.307,0.2872,0.27190000000000003
12,0.25980000000000003,0.25329999999999997,0.24059999999999998,0.2501,0.26780000000000004,0.3215,0.3897,0.4501,0.4511,0.4201,0.4204,0.4075,0.3978,0.4023,0.38909999999999995,0.3947,0.4328,0.5736,0.5267000000000001,0.5151,0.4739,0.4568,0.43450000000000005,0.40049999999999997
13,0.38079999999999997,0.3734,0.36810000000000004,0.36590000000000006,0.3729,0.3738,0.4443,0.4718,0.5158,0.4715,0.4861,0.4359,0.39880000000000004,0.40049999999999997,0.3823,0.3859,0.4269,0.6862999999999999,0.5999,0.5488000000000001,0.5091,0.5005,0.46659999999999996,0.4451
14,0.49920000000000003,0.4802,0.4343,0.43420000000000003,0.4533,0.44689999999999996,0.4951,0.5185,0.4658,0.3917,0.37310000000000004,0.35359999999999997,0.3393,0.3078,0.2998,0.31679999999999997,0.35509999999999997,0.5512,0.4808,0.4941,0.4816,0.44170000000000004,0.39299999999999996,0.3932
15,0.3797,0.3732,0.37200000000000005,0.37560000000000004,0.4047,0.4644,0.5857,0.7425,0.611,0.4646,0.4437,0.38939999999999997,0.3677,0.3617,0.36060000000000003,0.36090000000000005,0.3873,0.49439999999999995,0.455,0.4549,0.4121,0.3749,0.355,0.3444
16,0.3522,0.3521,0.3478,0.3486,0.3539,0.39649999999999996,0.5301,0.5789,0.52,0.47590000000000005,0.4682,0.45130000000000003,0.42810000000000004,0.4018,0.38549999999999995,0.39189999999999997,0.4425,0.5168,0.4843,0.4765,0.41590000000000005,0.39049999999999996,0.3566,0.3404
17,0.3275,0.3143,0.3072,0.3128,0.3285,0.36979999999999996,0.4841,0.5698,0.4851,0.4678,0.46090000000000003,0.41759999999999997,0.39490000000000003,0.365,0.3483,0.34009999999999996,0.3732,0.4429,0.4226,0.3749,0.3611,0.3369,0.3182,0.305
18,0.2576,0.2505,0.2486,0.2518,0.2646,0.2884,0.3639,0.3917,0.3822,0.37929999999999997,0.3753,0.3619,0.3425,0.3218,0.311,0.298,0.3195,0.3815,0.3583,0.32380000000000003,0.3106,0.2965,0.28190000000000004,0.2622
19,0.22920000000000001,0.226,0.2195,0.22699999999999998,0.2384,0.2717,0.3544,0.4006,0.36810000000000004,0.34630000000000005,0.3617,0.3676,0.3555,0.3566,0.3431,0.3771,0.4339,0.4836,0.4579,0.4462,0.4227,0.4296,0.3685,0.35619999999999996
20,0.3275,0.3172,0.3107,0.3091,0.3148,0.3299,0.364,0.3899,0.3946,0.3716,0.36920000000000003,0.3611,0.3373,0.3268,0.31489999999999996,0.32159999999999994,0.3593,0.4545,0.43310000000000004,0.4125,0.3839,0.3689,0.3617,0.34990000000000004
21,0.3041,0.2934,0.28859999999999997,0.2875,0.2866,0.2874,0.3014,0.34509999999999996,0.3778,0.3826,0.38789999999999997,0.38380000000000003,0.3764,0.3667,0.36340000000000006,0.3538,0.36869999999999997,0.4537,0.3985,0.39520000000000005,0.36560000000000004,0.3282,0.3132,0.3093
22,0.3106,0.3025,0.2927,0.2979,0.31679999999999997,0.32880000000000004,0.4249,0.4962,0.4832,0.4612,0.46509999999999996,0.45159999999999995,0.3917,0.3807,0.3601,0.35710000000000003,0.3654,0.4758,0.4391,0.4107,0.3714,0.35119999999999996,0.3312,0.3073
23,0.2927,0.2841,0.2797,0.2907,0.3185,0.35960000000000003,0.52,0.6075,0.4347,0.3953,0.3993,0.37,0.33549999999999996,0.3358,0.3317,0.3367,0.3729,0.48100000000000004,0.47700000000000004,0.4536,0.43320000000000003,0.38670000000000004,0.3593,0.325
24,0.3134,0.3072,0.3004,0.2969,0.2987,0.3201,0.3993,0.42829999999999996,0.41369999999999996,0.40850000000000003,0.41450000000000004,0.3969,0.3918,0.384,0.3757,0.37270000000000003,0.3705,0.4,0.37479999999999997,0.35409999999999997,0.321,0.3029,0.2655,0.2584
25,0.2443,0.22949999999999998,0.22829999999999998,0.23379999999999998,0.2486,0.2807,0.363,0.38539999999999996,0.3588,0.32770000000000005,0.3379,0.3385,0.3265,0.3281,0.324,0.3193,0.34259999999999996,0.4276,0.385,0.3715,0.3591,0.35090000000000005,0.3169,0.3059
26,0.28859999999999997,0.27399999999999997,0.2668,0.2754,0.2984,0.3381,0.4107,0.4512,0.37,0.337,0.2977,0.2784,0.2534,0.2525,0.24719999999999998,0.2564,0.2768,0.341,0.34600000000000003,0.3221,0.3188,0.2939,0.2814,0.2657
27,0.2588,0.2463,0.2415,0.247,0.25120000000000003,0.2767,0.294,0.3034,0.3019,0.27649999999999997,0.2613,0.2475,0.2274,0.2228,0.2208,0.2191,0.2235,0.2905,0.2964,0.276,0.2562,0.2386,0.2237,0.22039999999999998
28,0.2108,0.20879999999999999,0.19920000000000002,0.1977,0.2016,0.2086,0.21230000000000002,0.2238,0.2286,0.22829999999999998,0.2352,0.2354,0.2394,0.2425,0.2398,0.2463,0.2874,0.3439,0.32549999999999996,0.3104,0.3028,0.2776,0.2509,0.2377
29,0.2218,0.2072,0.20679999999999998,0.2065,0.221,0.2526,0.33899999999999997,0.4191,0.4153,0.3997,0.3943,0.3592,0.3452,0.34159999999999996,0.3336,0.34130000000000005,0.36060000000000003,0.4696,0.45549999999999996,0.43189999999999995,0.4033,0.34869999999999995,0.3135,0.2867
30,0.263,0.2619,0.2622,0.26170000000000004,0.27899999999999997,0.31829999999999997,0.4127,0.4804,0.4359,0.4486,0.4388,0.41859999999999997,0.3861,0.37439999999999996,0.36479999999999996,0.3602,0.3627,0.4546,0.4551,0.42829999999999996,0.4163,0.3761,0.35960000000000003,0.3436
31,0.30829999999999996,0.30210000000000004,0.3004,0.2988,0.3085,0.3389,0.4325,0.45,0.4264,0.40090000000000003,0.40409999999999996,0.3814,0.3592,0.3422,0.33270000000000005,0.3333,0.36939999999999995,0.4291,0.4547,0.426,0.41200000000000003,0.3895,0.37170000000000003,0.35369999999999996
32,0.3382,0.3178,0.30820000000000003,0.31420000000000003,0.3299,0.3661,0.4556,0.5075999999999999,0.45030000000000003,0.3892,0.3845,0.35009999999999997,0.327,0.31579999999999997,0.3089,0.3178,0.3221,0.3911,0.3979,0.36469999999999997,0.3453,0.3274,0.3074,0.30579999999999996
33,0.3144,0.3102,0.3045,0.3159,0.3362,0.38770000000000004,0.46380000000000005,0.5719,0.5792,0.5403,0.9396,0.8851,0.8391,0.8034,0.7683,0.8104,0.9884000000000001,1.3563,1.6275,1.5712000000000002,1.4784,1.2791,1.1854,1.1001
34,0.8532,0.8349,0.7814,0.7962,0.8243,0.894,0.9455,1.2582,0.9525,0.7476999999999999,0.5138,0.4219,0.3728,0.3504,0.32159999999999994,0.3239,0.36060000000000003,0.5266,0.5375,0.47490000000000004,0.4863,0.4424,0.36479999999999996,0.3716
35,0.3197,0.3214,0.2953,0.2777,0.294,0.31010000000000004,0.3171,0.31629999999999997,0.3186,0.2898,0.2919,0.2613,0.2504,0.25170000000000003,0.2473,0.2463,0.2514,0.3306,0.35509999999999997,0.3251,0.3234,0.29,0.2677,0.26649999999999996
36,0.2218,0.21600000000000003,0.22440000000000002,0.22210000000000002,0.2309,0.2773,0.3475,0.433,0.32530000000000003,0.3042,0.30510000000000004,0.2755,0.2571,0.2493,0.2382,0.2322,0.2413,0.30870000000000003,0.3251,0.308,0.2949,0.275,0.2505,0.24480000000000002
37,0.22460000000000002,0.2164,0.21760000000000002,0.22329999999999997,0.2389,0.27899999999999997,0.3588,0.3969,0.294,0.2863,0.2414,0.2271,0.22190000000000001,0.2188,0.2134,0.2132,0.22149999999999997,0.2902,0.3074,0.2877,0.2751,0.24109999999999998,0.2267,0.20850000000000002
38,0.21109999999999998,0.20850000000000002,0.2064,0.2101,0.2211,0.24480000000000002,0.32549999999999996,0.3531,0.3171,0.2926,0.2785,0.2536,0.2489,0.242,0.233,0.2368,0.2613,0.3208,0.3267,0.31129999999999997,0.2934,0.2627,0.2352,0.2182
39,0.2144,0.2089,0.19949999999999998,0.1973,0.21559999999999999,0.2371,0.30579999999999996,0.3206,0.2863,0.27390000000000003,0.2639,0.252,0.251,0.2445,0.2359,0.233,0.2482,0.2934,0.2968,0.26940000000000003,0.2452,0.22390000000000002,0.2036,0.1882
40,0.1766,0.17420000000000002,0.1686,0.1705,0.17989999999999998,0.2045,0.27649999999999997,0.2982,0.2852,0.2704,0.2699,0.2669,0.2559,0.2528,0.24230000000000002,0.2329,0.2447,0.3007,0.3125,0.2983,0.28550000000000003,0.2528,0.22940000000000002,0.2157
41,0.2086,0.2051,0.204,0.20629999999999998,0.209,0.2257,0.2522,0.2749,0.2734,0.2616,0.2613,0.23420000000000002,0.2234,0.20739999999999997,0.20550000000000002,0.2054,0.2245,0.30579999999999996,0.35229999999999995,0.314,0.3091,0.3089,0.2747,0.2581
42,0.2293,0.22519999999999998,0.2182,0.22149999999999997,0.22149999999999997,0.2232,0.23149999999999998,0.2704,0.2973,0.3114,0.30879999999999996,0.29760000000000003,0.2873,0.26899999999999996,0.2553,0.2366,0.264,0.3125,0.3297,0.3132,0.3038,0.2767,0.24230000000000002,0.22010000000000002
43,0.1986,0.19260000000000002,0.1917,0.1954,0.2102,0.2772,0.3973,0.4329,0.30260000000000004,0.2554,0.23800000000000002,0.2148,0.2101,0.2034,0.19690000000000002,0.19920000000000002,0.2173,0.29719999999999996,0.3837,0.313,0.2932,0.2515,0.2148,0.2041
44,0.1989,0.1929,0.1928,0.1925,0.2102,0.2511,0.4022,0.4004,0.2688,0.22870000000000001,0.21719999999999998,0.20309999999999997,0.1991,0.1974,0.1916,0.1946,0.20440000000000003,0.2701,0.2939,0.2667,0.24710000000000001,0.2255,0.20129999999999998,0.19510000000000002
45,0.177,0.1649,0.16079999999999997,0.1588,0.1743,0.19210000000000002,0.29,0.2898,0.2366,0.2157,0.2087,0.2003,0.1986,0.1974,0.1985,0.1979,0.21230000000000002,0.295,0.3519,0.2958,0.2788,0.2418,0.20989999999999998,0.19579999999999997
46,0.18710000000000002,0.18030000000000002,0.171,0.165,0.17300000000000001,0.1906,0.2749,0.2732,0.2785,0.2764,0.2815,0.2813,0.2767,0.2775,0.25920000000000004,0.24539999999999998,0.252,0.2788,0.2848,0.2783,0.2587,0.2217,0.2011,0.1875
47,0.18239999999999998,0.177,0.17350000000000002,0.1757,0.1881,0.2157,0.3129,0.3346,0.3436,0.34659999999999996,0.34340000000000004,0.33159999999999995,0.30579999999999996,0.2956,0.2804,0.2789,0.2979,0.37079999999999996,0.4293,0.38079999999999997,0.361,0.34159999999999996,0.3152,0.28559999999999997
48,0.2752,0.2623,0.2532,0.2534,0.2743,0.2908,0.3293,0.33549999999999996,0.2933,0.2596,0.233,0.2079,0.19760000000000003,0.1866,0.17920000000000003,0.1772,0.1893,0.22949999999999998,0.2847,0.25429999999999997,0.2473,0.2371,0.2167,0.2064
49,0.204,0.1966,0.19260000000000002,0.1943,0.2043,0.2162,0.2339,0.2429,0.22460000000000002,0.2003,0.1934,0.1898,0.1868,0.1772,0.1747,0.1773,0.1873,0.22699999999999998,0.29109999999999997,0.2568,0.2205,0.2059,0.1916,0.18489999999999998
50,0.1759,0.1776,0.17379999999999998,0.1775,0.1794,0.19949999999999998,0.2747,0.3074,0.30210000000000004,0.3009,0.3063,0.294,0.27649999999999997,0.2373,0.2296,0.22820000000000001,0.2464,0.3036,0.3602,0.31379999999999997,0.27390000000000003,0.2335,0.2036,0.1834
51,0.1809,0.1739,0.1637,0.1634,0.1787,0.2002,0.27690000000000003,0.3037,0.2897,0.2774,0.25980000000000003,0.2601,0.2536,0.2361,0.2151,0.21530000000000002,0.2443,0.3135,0.4081,0.34619999999999995,0.29969999999999997,0.2638,0.2161,0.20350000000000001
52,0.187,0.18,0.17629999999999998,0.182,0.1935,0.2119,0.2805,0.3,0.2741,0.2804,0.2894,0.28300000000000003,0.2828,0.26789999999999997,0.24609999999999999,0.24170000000000003,0.268,0.2987,0.3136,0.2922,0.2656,0.23440000000000003,0.2059,0.1863
53,0.19039999999999999,0.1856,0.17350000000000002,0.1732,0.1807,0.19879999999999998,0.26489999999999997,0.2716,0.2422,0.2328,0.23129999999999998,0.2296,0.2275,0.2289,0.22440000000000002,0.2335,0.2502,0.2882,0.33140000000000003,0.3023,0.26039999999999996,0.23,0.1968,0.17859999999999998
54,0.18,0.1759,0.1775,0.1773,0.19039999999999999,0.23309999999999997,0.32630000000000003,0.3455,0.3155,0.3127,0.3105,0.3086,0.2869,0.2863,0.2791,0.2797,0.2844,0.3081,0.3565,0.3479,0.331,0.31989999999999996,0.2957,0.2797
55,0.28350000000000003,0.2807,0.2667,0.2644,0.2746,0.2788,0.3013,0.3457,0.3558,0.3576,0.3652,0.35159999999999997,0.3408,0.30219999999999997,0.2845,0.2742,0.2918,0.3211,0.3547,0.33880000000000005,0.3071,0.2884,0.26489999999999997,0.24960000000000002
56,0.2466,0.23379999999999998,0.226,0.2299,0.2329,0.2498,0.2893,0.3079,0.3032,0.2572,0.2324,0.2254,0.2145,0.2051,0.19399999999999998,0.19149999999999998,0.21,0.2425,0.3318,0.3124,0.2837,0.23800000000000002,0.2218,0.2069
57,0.19390000000000002,0.19079999999999997,0.18510000000000001,0.18960000000000002,0.2041,0.2299,0.317,0.3069,0.2757,0.267,0.2708,0.2792,0.26940000000000003,0.2702,0.2708,0.2618,0.2645,0.2975,0.3431,0.30579999999999996,0.2696,0.24989999999999998,0.2232,0.2045
58,0.2054,0.20550000000000002,0.2021,0.2046,0.2211,0.2429,0.3446,0.35159999999999997,0.3245,0.3342,0.33509999999999995,0.33880000000000005,0.3005,0.29109999999999997,0.26,0.2544,0.2638,0.2984,0.3482,0.31670000000000004,0.2858,0.2575,0.23,0.21719999999999998
59,0.21350000000000002,0.20989999999999998,0.20929999999999999,0.2115,0.2273,0.2641,0.3907,0.37799999999999995,0.287,0.26030000000000003,0.2469,0.2329,0.2318,0.2273,0.2189,0.2217,0.2336,0.2841,0.3214,0.3057,0.26239999999999997,0.2426,0.21760000000000002,0.2039
60,0.2075,0.2051,0.20120000000000002,0.2034,0.2151,0.2408,0.35350000000000004,0.3734,0.36329999999999996,0.3713,0.3591,0.3318,0.3084,0.2955,0.2841,0.28190000000000004,0.2892,0.3307,0.3632,0.3588,0.317,0.287,0.2509,0.22039999999999998
61,0.2076,0.198,0.19949999999999998,0.2007,0.2079,0.2302,0.2894,0.3268,0.31829999999999997,0.32780000000000004,0.3465,0.3311,0.3258,0.32130000000000003,0.31420000000000003,0.3039,0.3126,0.3273,0.3385,0.32420000000000004,0.2784,0.2776,0.2595,0.233
62,0.2571,0.2529,0.25120000000000003,0.24719999999999998,0.25329999999999997,0.2687,0.2923,0.3173,0.3299,0.33130000000000004,0.32780000000000004,0.3094,0.2721,0.25730000000000003,0.24309999999999998,0.23929999999999998,0.2596,0.3041,0.37060000000000004,0.38,0.34369999999999995,0.3433,0.3055,0.2852
63,0.287,0.2703,0.2595,0.2709,0.2757,0.28859999999999997,0.2852,0.2814,0.2611,0.2437,0.24100000000000002,0.2347,0.2284,0.21989999999999998,0.21059999999999998,0.20739999999999997,0.21899999999999997,0.2552,0.33039999999999997,0.3172,0.30210000000000004,0.2595,0.2404,0.2403
64,0.2409,0.2329,0.23199999999999998,0.2414,0.25379999999999997,0.3206,0.4521,0.408,0.3566,0.3342,0.3343,0.32659999999999995,0.3089,0.3,0.2851,0.2833,0.2925,0.3628,0.4039,0.38659999999999994,0.34450000000000003,0.3191,0.27190000000000003,0.2588
65,0.24170000000000003,0.22899999999999998,0.2223,0.2273,0.24489999999999998,0.28350000000000003,0.37170000000000003,0.3676,0.345,0.3178,0.31989999999999996,0.2932,0.282,0.26899999999999996,0.2618,0.265,0.2699,0.3225,0.4269,0.4371,0.3686,0.34840000000000004,0.303,0.28559999999999997
66,0.2636,0.26280000000000003,0.25379999999999997,0.2587,0.282,0.3371,0.5511,0.44229999999999997,0.3323,0.3123,0.2882,0.2755,0.2638,0.25579999999999997,0.243,0.2422,0.2597,0.3041,0.37549999999999994,0.36479999999999996,0.326,0.3028,0.2707,0.26539999999999997
67,0.25370000000000004,0.2477,0.2473,0.2522,0.2731,0.3185,0.4783,0.39130000000000004,0.33270000000000005,0.2937,0.2872,0.2651,0.26,0.24989999999999998,0.2459,0.24059999999999998,0.24530000000000002,0.2866,0.3467,0.34299999999999997,0.3283,0.2994,0.2763,0.2577
68,0.2481,0.23850000000000002,0.2328,0.23739999999999997,0.2445,0.2724,0.354,0.3492,0.3527,0.3557,0.37020000000000003,0.3546,0.3464,0.3494,0.3372,0.3387,0.3507,0.36729999999999996,0.37200000000000005,0.3711,0.3492,0.325,0.301,0.2788
69,0.2532,0.23829999999999998,0.2305,0.23079999999999998,0.2373,0.2613,0.2792,0.28190000000000004,0.2847,0.2882,0.2803,0.266,0.2404,0.23309999999999997,0.2205,0.21960000000000002,0.2336,0.2577,0.3157,0.3093,0.2938,0.2709,0.26280000000000003,0.24969999999999998
70,0.2425,0.2378,0.23329999999999998,0.2378,0.24100000000000002,0.2622,0.2577,0.26539999999999997,0.2718,0.2776,0.2623,0.26030000000000003,0.2491,0.245,0.239,0.2561,0.262,0.2943,0.3428,0.32049999999999995,0.2749,0.265,0.2395,0.2274
71,0.2241,0.2173,0.2238,0.2254,0.2464,0.36090000000000005,0.41590000000000005,0.3876,0.3775,0.3779,0.35590000000000005,0.3371,0.3211,0.3012,0.2924,0.2934,0.3091,0.33240000000000003,0.3858,0.3703,0.327,0.3096,0.26940000000000003,0.26
72,0.256,0.24760000000000001,0.2551,0.2729,0.3204,0.41729999999999995,0.55,0.4183,0.345,0.3496,0.3342,0.3139,0.302,0.2853,0.2685,0.278,0.2938,0.3558,0.4852,0.43520000000000003,0.3711,0.32770000000000005,0.2994,0.294
73,0.2867,0.2799,0.2919,0.2948,0.3628,0.5605,0.6383,0.4188,0.3234,0.2958,0.2824,0.2612,0.2429,0.233,0.226,0.2217,0.2314,0.26739999999999997,0.3154,0.3075,0.2811,0.2597,0.23190000000000002,0.23870000000000002
74,0.2378,0.23399999999999999,0.2425,0.26899999999999996,0.3135,0.47909999999999997,0.6584,0.3527,0.2894,0.2749,0.24969999999999998,0.2334,0.22190000000000001,0.2138,0.21100000000000002,0.2143,0.22579999999999997,0.25370000000000004,0.3045,0.293,0.25120000000000003,0.2216,0.2072,0.1962
75,0.1848,0.1752,0.17859999999999998,0.18510000000000001,0.21309999999999998,0.2735,0.31329999999999997,0.2942,0.2928,0.2912,0.2874,0.2847,0.2832,0.273,0.2586,0.25739999999999996,0.2615,0.2773,0.309,0.2913,0.2753,0.2483,0.2218,0.22030000000000002
76,0.2164,0.20739999999999997,0.20920000000000002,0.2151,0.2254,0.2627,0.2937,0.2884,0.282,0.2817,0.2591,0.2413,0.23120000000000002,0.2253,0.22219999999999998,0.2186,0.23079999999999998,0.2767,0.37229999999999996,0.3832,0.33899999999999997,0.311,0.29600000000000004,0.2813
77,0.2722,0.2683,0.2702,0.2755,0.29,0.3268,0.39049999999999996,0.3569,0.31489999999999996,0.2991,0.2812,0.2541,0.2408,0.2288,0.2259,0.2284,0.245,0.3177,0.42979999999999996,0.4322,0.3508,0.3114,0.3029,0.2889
78,0.2867,0.2867,0.29760000000000003,0.326,0.4607,0.7299,0.9882,0.48,0.3299,0.3114,0.2846,0.2452,0.2303,0.22219999999999998,0.21899999999999997,0.21760000000000002,0.2324,0.29309999999999997,0.3875,0.36119999999999997,0.32159999999999994,0.2876,0.259,0.2594
79,0.2601,0.2637,0.2721,0.29109999999999997,0.36810000000000004,0.6476000000000001,0.8368000000000001,0.37310000000000004,0.29510000000000003,0.273,0.244,0.2263,0.2114,0.2034,0.2005,0.2029,0.22579999999999997,0.2579,0.33049999999999996,0.3164,0.2697,0.2415,0.21989999999999998,0.19879999999999998
80,0.19640000000000002,0.1929,0.1963,0.20120000000000002,0.24480000000000002,0.292,0.3175,0.3053,0.2866,0.2933,0.2808,0.2851,0.2753,0.2483,0.2545,0.2511,0.2369,0.24489999999999998,0.2904,0.27449999999999997,0.23440000000000003,0.2028,0.1911,0.17120000000000002
81,0.16760000000000003,0.1661,0.1663,0.17120000000000002,0.18600000000000003,0.2613,0.2846,0.29,0.2901,0.2896,0.2896,0.2804,0.273,0.2594,0.2527,0.2483,0.2602,0.2641,0.30519999999999997,0.29760000000000003,0.2668,0.2361,0.1981,0.1875
82,0.1779,0.17379999999999998,0.17149999999999999,0.1796,0.1931,0.2475,0.28,0.2851,0.2921,0.29109999999999997,0.2799,0.26539999999999997,0.2561,0.24109999999999998,0.2368,0.2357,0.24109999999999998,0.24239999999999998,0.2864,0.2811,0.2359,0.2125,0.1937,0.18989999999999999
83,0.1812,0.1726,0.1672,0.16940000000000002,0.18350000000000002,0.19519999999999998,0.20120000000000002,0.2235,0.2556,0.25739999999999996,0.2494,0.23559999999999998,0.2205,0.2023,0.2014,0.19870000000000002,0.2138,0.2328,0.2889,0.28859999999999997,0.2577,0.2309,0.1996,0.19899999999999998
84,0.19579999999999997,0.1875,0.18989999999999999,0.19329999999999997,0.2147,0.23070000000000002,0.237,0.22640000000000002,0.22519999999999998,0.2155,0.20600000000000002,0.1993,0.1895,0.1863,0.18469999999999998,0.19190000000000002,0.2097,0.25920000000000004,0.35479999999999995,0.35350000000000004,0.2893,0.252,0.22390000000000002,0.2242
85,0.2177,0.2112,0.2175,0.23370000000000002,0.2685,0.3549,0.3791,0.3753,0.3627,0.386,0.3629,0.36219999999999997,0.349,0.32439999999999997,0.3035,0.2958,0.32409999999999994,0.33,0.4476,0.40509999999999996,0.3378,0.3004,0.2844,0.2134
86,0.2066,0.1996,0.20379999999999998,0.2127,0.2636,0.3956,0.3923,0.3273,0.321,0.3152,0.2989,0.2913,0.2813,0.2666,0.2507,0.2514,0.2602,0.276,0.3486,0.3371,0.3023,0.2827,0.2465,0.1956
87,0.18789999999999998,0.18530000000000002,0.1859,0.1966,0.2386,0.35369999999999996,0.3325,0.2691,0.24359999999999998,0.2396,0.2112,0.2002,0.1981,0.195,0.1907,0.19210000000000002,0.2102,0.24420000000000003,0.3037,0.3005,0.2675,0.23190000000000002,0.21600000000000003,0.2228
88,0.21789999999999998,0.2186,0.21989999999999998,0.2289,0.2753,0.42460000000000003,0.42,0.2964,0.26940000000000003,0.2656,0.24719999999999998,0.2345,0.22260000000000002,0.2161,0.20989999999999998,0.2073,0.22219999999999998,0.2482,0.3418,0.31489999999999996,0.2751,0.2473,0.22440000000000002,0.19469999999999998
89,0.1923,0.191,0.1942,0.2077,0.2506,0.3833,0.34619999999999995,0.28559999999999997,0.2593,0.25980000000000003,0.2349,0.22699999999999998,0.226,0.21309999999999998,0.21559999999999999,0.21030000000000001,0.2118,0.22,0.26789999999999997,0.2561,0.2248,0.191,0.1812,0.18460000000000001
90,0.1801,0.1673,0.1624,0.1705,0.1818,0.1891,0.20620000000000002,0.22920000000000001,0.2527,0.25,0.2532,0.23559999999999998,0.2228,0.217,0.2223,0.2262,0.2556,0.27899999999999997,0.3368,0.3668,0.3175,0.2954,0.2709,0.2734
91,0.2489,0.2236,0.2279,0.2407,0.275,0.2814,0.2572,0.22329999999999997,0.2084,0.2034,0.1957,0.1883,0.1807,0.1724,0.1679,0.1659,0.1821,0.23550000000000001,0.3049,0.3635,0.2774,0.23440000000000003,0.21050000000000002,0.2101
92,0.20879999999999999,0.20679999999999998,0.2177,0.24850000000000003,0.2883,0.5034000000000001,0.43310000000000004,0.3387,0.3151,0.3106,0.3028,0.2913,0.2993,0.3006,0.2983,0.2957,0.30510000000000004,0.32189999999999996,0.35960000000000003,0.33759999999999996,0.2871,0.2532,0.228,0.1974
93,0.1924,0.1833,0.19219999999999998,0.2052,0.2433,0.3208,0.33880000000000005,0.2913,0.29359999999999997,0.2873,0.2793,0.2721,0.2732,0.2688,0.3048,0.2965,0.3066,0.3284,0.3809,0.36329999999999996,0.2872,0.24960000000000002,0.2223,0.1875
94,0.1801,0.1709,0.1725,0.18170000000000003,0.20489999999999997,0.2619,0.2961,0.2828,0.2915,0.3172,0.3716,0.39149999999999996,0.3743,0.42340000000000005,0.4596,0.4808,0.5058,0.4706,0.5745,0.4851,0.3671,0.3146,0.2527,0.2236
95,0.2082,0.19210000000000002,0.1916,0.207,0.24359999999999998,0.2851,0.32380000000000003,0.3029,0.309,0.3247,0.38420000000000004,0.4052,0.44520000000000004,0.469,0.4547,0.40490000000000004,0.3992,0.3757,0.3899,0.3875,0.3078,0.2709,0.2492,0.20929999999999999
96,0.2022,0.1968,0.1971,0.20620000000000002,0.23079999999999998,0.278,0.3019,0.31679999999999997,0.3053,0.2883,0.276,0.2803,0.2749,0.26530000000000004,0.2601,0.2622,0.26940000000000003,0.2742,0.2982,0.3062,0.2852,0.2546,0.2377,0.23629999999999998
97,0.2415,0.2288,0.22940000000000002,0.2293,0.2519,0.258,0.2728,0.3014,0.287,0.2569,0.2638,0.2492,0.2379,0.23199999999999998,0.23370000000000002,0.23739999999999997,0.24170000000000003,0.26739999999999997,0.3154,0.3456,0.3152,0.2891,0.25989999999999996,0.2324
98,0.2241,0.2232,0.228,0.22829999999999998,0.2515,0.2587,0.2501,0.2318,0.222,0.2253,0.2075,0.1968,0.1913,0.18359999999999999,0.1815,0.183,0.1902,0.221,0.29309999999999997,0.34909999999999997,0.2902,0.2642,0.2396,0.221
99,0.2213,0.23149999999999998,0.2586,0.2822,0.35359999999999997,0.6646,0.6481,0.36950000000000005,0.3044,0.2822,0.2781,0.27190000000000003,0.2706,0.267,0.2607,0.2686,0.2993,0.3344,0.446,0.47259999999999996,0.3624,0.3017,0.2641,0.2231
100,0.2155,0.21789999999999998,0.2191,0.2286,0.287,0.4244,0.38670000000000004,0.3062,0.2736,0.254,0.2373,0.24,0.2296,0.22210000000000002,0.22190000000000001,0.2298,0.2324,0.2551,0.3283,0.365,0.281,0.22469999999999998,0.18739999999999998,0.1495
101,0.1412,0.1408,0.1377,0.1482,0.17489999999999997,0.2316,0.2487,0.2349,0.23329999999999998,0.233,0.23309999999999997,0.24780000000000002,0.2738,0.2919,0.3251,0.3521,0.3456,0.3735,0.48109999999999997,0.43420000000000003,0.28859999999999997,0.2386,0.20120000000000002,0.1573
102,0.1489,0.14029999999999998,0.1388,0.1492,0.1796,0.2375,0.2553,0.2487,0.2529,0.2615,0.27390000000000003,0.3309,0.36979999999999996,0.39759999999999995,0.4493,0.49340000000000006,0.5978,0.6555,0.6359,0.5356000000000001,0.33509999999999995,0.2642,0.2397,0.1841
103,0.1728,0.16210000000000002,0.1565,0.1654,0.1999,0.2569,0.2712,0.272,0.2898,0.2942,0.3062,0.33270000000000005,0.3542,0.3749,0.3896,0.4089,0.42469999999999997,0.39039999999999997,0.3691,0.3331,0.2848,0.2473,0.22010000000000002,0.2318
104,0.22820000000000001,0.2032,0.19390000000000002,0.1923,0.2018,0.21969999999999998,0.2379,0.2526,0.2669,0.2699,0.2722,0.2816,0.27149999999999996,0.2726,0.2852,0.2969,0.31010000000000004,0.33049999999999996,0.33659999999999995,0.35159999999999997,0.30260000000000004,0.23929999999999998,0.2225,0.19329999999999997
105,0.1789,0.1598,0.1439,0.1445,0.1411,0.1509,0.1613,0.16649999999999998,0.1808,0.20550000000000002,0.2097,0.2211,0.2349,0.24760000000000001,0.2651,0.2974,0.322,0.3506,0.3762,0.3922,0.2893,0.2379,0.2077,0.168
106,0.1604,0.1456,0.1533,0.1681,0.1948,0.2619,0.3031,0.30010000000000003,0.2774,0.2796,0.27140000000000003,0.2673,0.2591,0.2468,0.2412,0.2566,0.2646,0.29460000000000003,0.3525,0.4335,0.30260000000000004,0.2613,0.2213,0.2229
107,0.21280000000000002,0.196,0.20010000000000003,0.2281,0.263,0.3282,0.358,0.3085,0.3097,0.32030000000000003,0.30269999999999997,0.2907,0.2755,0.2625,0.2539,0.2587,0.2937,0.3513,0.49810000000000004,0.5579999999999999,0.36579999999999996,0.2737,0.23579999999999998,0.21960000000000002
108,0.21280000000000002,0.2051,0.2236,0.2303,0.2816,0.3268,0.3312,0.28190000000000004,0.2644,0.2568,0.2515,0.24989999999999998,0.2494,0.2466,0.257,0.2783,0.3223,0.3677,0.4471,0.46049999999999996,0.3105,0.2532,0.22440000000000002,0.1928
109,0.1833,0.1734,0.18059999999999998,0.19399999999999998,0.25429999999999997,0.35850000000000004,0.3532,0.2792,0.2793,0.2732,0.2964,0.38539999999999996,0.42869999999999997,0.5278,0.7797,0.584,0.6473,0.5652,0.5798,0.5643,0.4226,0.31920000000000004,0.26789999999999997,0.2346
110,0.223,0.2004,0.1984,0.2148,0.2613,0.30870000000000003,0.3481,0.301,0.29309999999999997,0.2956,0.3679,0.3948,0.4251,0.5054,0.6779000000000001,0.7659,0.823,0.8099,0.6129,0.5731,0.3865,0.3224,0.2788,0.2656
111,0.2584,0.2396,0.2234,0.21780000000000002,0.22940000000000002,0.2349,0.2452,0.25989999999999996,0.295,0.27,0.2711,0.2557,0.2546,0.2589,0.25120000000000003,0.2522,0.2688,0.27940000000000004,0.31010000000000004,0.3971,0.35090000000000005,0.3233,0.2625,0.2551
112,0.2531,0.2521,0.2486,0.25079999999999997,0.2568,0.2552,0.2623,0.26030000000000003,0.2577,0.2618,0.26,0.2504,0.2391,0.23129999999999998,0.2314,0.2382,0.2579,0.2892,0.39630000000000004,0.5102,0.4311,0.369,0.325,0.2713
113,0.26789999999999997,0.2661,0.2685,0.2944,0.38270000000000004,0.5867,0.5737,0.4549,0.41,0.40009999999999996,0.373,0.3846,0.3418,0.3093,0.3065,0.30829999999999996,0.3328,0.3895,0.4832,0.6717,0.47119999999999995,0.3831,0.32539999999999997,0.3111
114,0.2873,0.2793,0.2854,0.29359999999999997,0.3624,0.6142,0.4982,0.363,0.361,0.34729999999999994,0.32380000000000003,0.32130000000000003,0.303,0.2937,0.2984,0.2916,0.31579999999999997,0.332,0.36840000000000006,0.4485,0.3472,0.3072,0.2965,0.2775
115,0.271,0.2623,0.2623,0.2761,0.3301,0.4851,0.4277,0.3761,0.3575,0.3465,0.3421,0.33759999999999996,0.3632,0.3505,0.3283,0.3419,0.3626,0.3393,0.3638,0.4255,0.3722,0.29460000000000003,0.266,0.2534
116,0.2437,0.2361,0.237,0.2463,0.30210000000000004,0.3954,0.4227,0.3465,0.3367,0.3005,0.2823,0.2861,0.2817,0.2695,0.2811,0.29309999999999997,0.3123,0.32130000000000003,0.3246,0.3956,0.3274,0.2696,0.2452,0.2302
117,0.23120000000000002,0.2148,0.21289999999999998,0.21899999999999997,0.2621,0.31370000000000003,0.3611,0.39280000000000004,0.4155,0.3993,0.3954,0.4043,0.36579999999999996,0.34630000000000005,0.36310000000000003,0.3348,0.35100000000000003,0.3325,0.3436,0.36590000000000006,0.34119999999999995,0.293,0.2611,0.262
118,0.2672,0.2398,0.2427,0.2346,0.2421,0.253,0.2709,0.297,0.2956,0.2882,0.28559999999999997,0.2652,0.24780000000000002,0.22649999999999998,0.2234,0.23420000000000002,0.258,0.2639,0.2908,0.3394,0.3218,0.3048,0.24670000000000003,0.2005
119,0.1812,0.1675,0.16440000000000002,0.15839999999999999,0.1588,0.1628,0.1679,0.195,0.2262,0.2274,0.23379999999999998,0.24480000000000002,0.2193,0.2113,0.21,0.21050000000000002,0.2217,0.23120000000000002,0.2615,0.3525,0.2799,0.24760000000000001,0.2164,0.156
120,0.1753,0.1675,0.17800000000000002,0.1935,0.2532,0.3072,0.29410000000000003,0.3009,0.29109999999999997,0.2974,0.29510000000000003,0.2943,0.2797,0.2779,0.263,0.2625,0.2766,0.292,0.3226,0.42479999999999996,0.3193,0.26940000000000003,0.23559999999999998,0.2101
121,0.21059999999999998,0.2138,0.2205,0.2281,0.258,0.3145,0.33149999999999996,0.3131,0.3017,0.31379999999999997,0.311,0.305,0.29760000000000003,0.2867,0.2787,0.2791,0.295,0.31579999999999997,0.3296,0.3983,0.3443,0.299,0.281,0.2297
122,0.2382,0.2391,0.2434,0.266,0.29350000000000004,0.3711,0.3901,0.38020000000000004,0.363,0.3389,0.3284,0.33149999999999996,0.3223,0.31129999999999997,0.3115,0.3106,0.31739999999999996,0.3285,0.39990000000000003,0.4324,0.3881,0.3006,0.2757,0.27
123,0.26739999999999997,0.24710000000000001,0.2469,0.2696,0.32539999999999997,0.39840000000000003,0.40490000000000004,0.35509999999999997,0.3361,0.32030000000000003,0.3177,0.3209,0.30760000000000004,0.3004,0.2957,0.2968,0.3084,0.34840000000000004,0.3774,0.38659999999999994,0.3408,0.2668,0.2492,0.1906
124,0.1924,0.18739999999999998,0.1892,0.2113,0.2561,0.3122,0.29969999999999997,0.3069,0.28559999999999997,0.272,0.2782,0.2735,0.2698,0.2693,0.2587,0.2727,0.2812,0.29710000000000003,0.3038,0.3074,0.2925,0.2493,0.225,0.2121
125,0.2069,0.2052,0.1826,0.18989999999999999,0.20550000000000002,0.203,0.2205,0.23010000000000003,0.2444,0.24,0.2452,0.2386,0.2249,0.2256,0.235,0.2498,0.2766,0.2874,0.3235,0.3383,0.2867,0.2563,0.2194,0.18510000000000001
126,0.1813,0.16820000000000002,0.1547,0.1659,0.1791,0.188,0.1942,0.1937,0.2314,0.23579999999999998,0.27690000000000003,0.3104,0.33039999999999997,0.3567,0.3676,0.3712,0.4282,0.41590000000000005,0.46509999999999996,0.4681,0.3926,0.34600000000000003,0.2799,0.2441
127,0.2257,0.2064,0.193,0.2138,0.2652,0.3193,0.3836,0.3883,0.3764,0.3701,0.38170000000000004,0.408,0.4282,0.48450000000000004,0.507,0.5671,0.6363,0.5471,0.4462,0.4204,0.36829999999999996,0.31329999999999997,0.2966,0.22760000000000002
128,0.2452,0.2161,0.2079,0.2152,0.2827,0.31489999999999996,0.3674,0.3455,0.3616,0.3911,0.3993,0.37420000000000003,0.36979999999999996,0.3725,0.3957,0.3979,0.39520000000000005,0.3992,0.3944,0.3886,0.3603,0.2983,0.25370000000000004,0.2492
129,0.2256,0.2144,0.20739999999999997,0.22219999999999998,0.2834,0.30510000000000004,0.335,0.3232,0.30920000000000003,0.2986,0.2952,0.3223,0.3116,0.33899999999999997,0.3611,0.3797,0.4103,0.41729999999999995,0.40009999999999996,0.3947,0.35710000000000003,0.2838,0.2595,0.2241
130,0.188,0.17300000000000001,0.1698,0.1898,0.22640000000000002,0.258,0.2586,0.26780000000000004,0.2724,0.2899,0.29969999999999997,0.34619999999999995,0.3626,0.38079999999999997,0.42340000000000005,0.4789,0.5666,0.5529999999999999,0.47479999999999994,0.4523,0.3565,0.2915,0.2498,0.266
131,0.2377,0.2114,0.19640000000000002,0.2084,0.2503,0.26890000000000003,0.27690000000000003,0.2968,0.32289999999999996,0.3667,0.37479999999999997,0.425,0.44079999999999997,0.5139,0.5540999999999999,0.6154999999999999,0.7,0.6069,0.5078,0.4468,0.36579999999999996,0.35969999999999996,0.3282,0.3152
132,0.2776,0.2409,0.2177,0.2139,0.22329999999999997,0.2235,0.23,0.2888,0.324,0.3155,0.3586,0.38789999999999997,0.3711,0.3619,0.3759,0.41119999999999995,0.4127,0.4053,0.3762,0.3753,0.3179,0.266,0.2412,0.2351
133,0.209,0.1807,0.1666,0.16329999999999997,0.15990000000000001,0.15380000000000002,0.14550000000000002,0.1867,0.20829999999999999,0.1981,0.21600000000000003,0.2323,0.22519999999999998,0.2332,0.23399999999999999,0.25329999999999997,0.3013,0.3157,0.325,0.3472,0.3128,0.25739999999999996,0.2279,0.1977
134,0.1891,0.1757,0.17129999999999998,0.1887,0.2243,0.2975,0.3011,0.30879999999999996,0.3079,0.3126,0.3187,0.3578,0.3764,0.38189999999999996,0.36369999999999997,0.3937,0.45659999999999995,0.4321,0.4202,0.45,0.4068,0.3215,0.2482,0.2162
135,0.1975,0.16920000000000002,0.1606,0.17420000000000002,0.2138,0.28559999999999997,0.2884,0.2984,0.2898,0.3017,0.3032,0.32049999999999995,0.3157,0.33270000000000005,0.33030000000000004,0.36469999999999997,0.4224,0.4094,0.39399999999999996,0.42119999999999996,0.35479999999999995,0.2853,0.2391,0.22260000000000002
136,0.19870000000000002,0.17629999999999998,0.1679,0.1771,0.20629999999999998,0.26539999999999997,0.26649999999999996,0.2585,0.2712,0.263,0.2677,0.27440000000000003,0.2937,0.3029,0.2904,0.31379999999999997,0.3497,0.3574,0.36729999999999996,0.3615,0.29710000000000003,0.2323,0.2057,0.1888
137,0.1858,0.17300000000000001,0.1722,0.19329999999999997,0.24739999999999998,0.32409999999999994,0.30469999999999997,0.2993,0.28190000000000004,0.2627,0.26239999999999997,0.2857,0.2958,0.3025,0.3079,0.37020000000000003,0.3881,0.4018,0.3945,0.41619999999999996,0.32689999999999997,0.2552,0.23329999999999998,0.19039999999999999
138,0.17010000000000003,0.1536,0.1535,0.16449999999999998,0.21289999999999998,0.2761,0.2826,0.2668,0.2783,0.2742,0.2832,0.2908,0.2903,0.2987,0.2962,0.3256,0.3582,0.33520000000000005,0.3181,0.3321,0.2993,0.2526,0.2254,0.1937
139,0.1834,0.1728,0.1624,0.1636,0.1759,0.1833,0.2006,0.2158,0.2481,0.2465,0.2586,0.2594,0.2601,0.2703,0.2869,0.3102,0.3373,0.3542,0.34700000000000003,0.35710000000000003,0.3223,0.2706,0.23379999999999998,0.2026
140,0.1999,0.1732,0.1618,0.159,0.1643,0.16510000000000002,0.1797,0.18420000000000003,0.1962,0.2126,0.2116,0.2194,0.2296,0.2422,0.2656,0.3118,0.38909999999999995,0.419,0.41100000000000003,0.3861,0.33759999999999996,0.2575,0.22390000000000002,0.1832
141,0.16940000000000002,0.14859999999999998,0.1445,0.1548,0.1732,0.22399999999999998,0.2306,0.23739999999999997,0.2621,0.28850000000000003,0.3055,0.3146,0.349,0.3751,0.4158,0.4797,0.586,0.5073,0.4276,0.38079999999999997,0.31739999999999996,0.25730000000000003,0.213,0.2007
142,0.18059999999999998,0.16260000000000002,0.16440000000000002,0.17120000000000002,0.2006,0.2728,0.2735,0.2784,0.3013,0.29350000000000004,0.307,0.327,0.33880000000000005,0.3787,0.4128,0.49090000000000006,0.5739,0.5383,0.4629,0.4199,0.3444,0.2889,0.25579999999999997,0.2022
143,0.1795,0.1723,0.1693,0.1727,0.1932,0.2656,0.2633,0.2487,0.2621,0.2635,0.2726,0.2826,0.3091,0.34729999999999994,0.35,0.38799999999999996,0.4201,0.39030000000000004,0.353,0.3477,0.3044,0.23260000000000003,0.22089999999999999,0.166
144,0.1447,0.13949999999999999,0.13849999999999998,0.1414,0.1714,0.2494,0.24309999999999998,0.2433,0.2418,0.23079999999999998,0.2229,0.2256,0.2288,0.2332,0.2353,0.24670000000000003,0.2832,0.2876,0.2866,0.31629999999999997,0.2752,0.2257,0.2014,0.1729
145,0.1572,0.1523,0.1512,0.1592,0.18539999999999998,0.2464,0.2502,0.2311,0.2324,0.2256,0.21899999999999997,0.22210000000000002,0.22390000000000002,0.2306,0.2422,0.2539,0.2862,0.2722,0.264,0.2614,0.245,0.20579999999999998,0.183,0.14
146,0.1408,0.1202,0.1184,0.12,0.1258,0.13019999999999998,0.14400000000000002,0.1613,0.1685,0.1679,0.16879999999999998,0.1721,0.179,0.19210000000000002,0.21559999999999999,0.23399999999999999,0.2501,0.24969999999999998,0.2378,0.2361,0.2235,0.18109999999999998,0.15689999999999998,0.1225
147,0.11460000000000001,0.106,0.10289999999999999,0.0978,0.09949999999999999,0.09179999999999999,0.1032,0.1195,0.1553,0.15810000000000002,0.1675,0.1776,0.1868,0.20199999999999999,0.2249,0.24489999999999998,0.2817,0.2631,0.2713,0.2575,0.2427,0.2115,0.16829999999999998,0.1257
148,0.11699999999999999,0.1119,0.1075,0.1035,0.1103,0.11220000000000001,0.125,0.1549,0.1702,0.1935,0.20600000000000002,0.2464,0.2668,0.2922,0.3188,0.3204,0.3996,0.4025,0.35850000000000004,0.32289999999999996,0.2937,0.2214,0.19190000000000002,0.15039999999999998
149,0.1259,0.11259999999999999,0.1096,0.1176,0.13970000000000002,0.1671,0.1945,0.2291,0.2556,0.2901,0.2937,0.3344,0.36829999999999996,0.3921,0.40299999999999997,0.48469999999999996,0.5497,0.46649999999999997,0.4111,0.35619999999999996,0.3248,0.2625,0.2109,0.16519999999999999
150,0.1496,0.1234,0.1167,0.1243,0.1494,0.1877,0.2082,0.23129999999999998,0.262,0.2766,0.3016,0.3471,0.3933,0.4139,0.47130000000000005,0.5166,0.5832,0.5056,0.4078,0.37060000000000004,0.3335,0.2638,0.2416,0.1953
151,0.1745,0.15869999999999998,0.1517,0.1604,0.1825,0.217,0.2286,0.2527,0.2938,0.312,0.3625,0.43119999999999997,0.45799999999999996,0.5214,0.573,0.6851,0.7681999999999999,0.6328,0.51,0.41259999999999997,0.3635,0.2939,0.2731,0.2274
152,0.2007,0.17190000000000003,0.152,0.1542,0.18109999999999998,0.2163,0.22460000000000002,0.2539,0.2728,0.318,0.35619999999999996,0.4403,0.4817,0.5644,0.6746,0.8311,0.8255,0.66,0.4916,0.3923,0.3272,0.2995,0.2494,0.2163
153,0.1891,0.17350000000000002,0.1527,0.1495,0.1484,0.149,0.1578,0.1948,0.2365,0.2583,0.3004,0.3245,0.3472,0.3721,0.3985,0.4316,0.4379,0.39280000000000004,0.34130000000000005,0.2952,0.2766,0.23260000000000003,0.1928,0.16210000000000002
154,0.1463,0.1363,0.11869999999999999,0.1166,0.1124,0.1061,0.1202,0.1375,0.1509,0.1637,0.18,0.19149999999999998,0.20559999999999998,0.2321,0.2576,0.2841,0.31629999999999997,0.3443,0.3224,0.2912,0.27899999999999997,0.20579999999999998,0.17079999999999998,0.1576
155,0.14429999999999998,0.1245,0.12269999999999999,0.1313,0.1616,0.17920000000000003,0.19390000000000002,0.2039,0.21559999999999999,0.2389,0.25420000000000004,0.2736,0.2878,0.308,0.3525,0.4163,0.45770000000000005,0.41119999999999995,0.3632,0.3226,0.3035,0.2701,0.20199999999999999,0.193
156,0.17300000000000001,0.1499,0.13449999999999998,0.1434,0.1625,0.19329999999999997,0.2036,0.2249,0.24530000000000002,0.2767,0.2953,0.3109,0.3369,0.3602,0.40590000000000004,0.5075,0.5882999999999999,0.5365,0.4511,0.3481,0.3123,0.2737,0.2343,0.19469999999999998
157,0.17170000000000002,0.1496,0.139,0.1454,0.1721,0.1975,0.1981,0.2024,0.22219999999999998,0.23120000000000002,0.239,0.26239999999999997,0.2753,0.276,0.2999,0.3453,0.38520000000000004,0.3567,0.2896,0.2776,0.2657,0.2034,0.18239999999999998,0.1602
158,0.151,0.13,0.12390000000000001,0.128,0.1583,0.1945,0.19949999999999998,0.2161,0.21960000000000002,0.2407,0.24420000000000003,0.2563,0.2825,0.29,0.3013,0.31989999999999996,0.337,0.322,0.3128,0.3045,0.2893,0.2236,0.18710000000000002,0.172
159,0.1566,0.1388,0.13140000000000002,0.1333,0.1653,0.1972,0.20370000000000002,0.2173,0.22089999999999999,0.23579999999999998,0.2526,0.2634,0.278,0.2826,0.3006,0.31079999999999997,0.32030000000000003,0.3039,0.2924,0.2843,0.2778,0.21760000000000002,0.1868,0.163
160,0.1471,0.1475,0.1266,0.1229,0.12359999999999999,0.1259,0.1461,0.15460000000000002,0.16469999999999999,0.16219999999999998,0.18899999999999997,0.2188,0.22940000000000002,0.2632,0.29600000000000004,0.3321,0.3428,0.3452,0.3104,0.2839,0.2659,0.21239999999999998,0.1709,0.1522
161,0.11900000000000001,0.1142,0.1073,0.10830000000000001,0.10400000000000001,0.0922,0.0955,0.1112,0.1388,0.1655,0.19079999999999997,0.2231,0.2506,0.2718,0.30670000000000003,0.3503,0.387,0.3425,0.2964,0.273,0.2563,0.1968,0.1805,0.1564
162,0.1515,0.1316,0.1273,0.1321,0.1555,0.1765,0.2039,0.2116,0.2346,0.23309999999999997,0.2421,0.2482,0.257,0.2502,0.252,0.2554,0.2588,0.2495,0.24059999999999998,0.2325,0.2213,0.1813,0.1534,0.1528
163,0.139,0.1235,0.1155,0.1185,0.1352,0.1597,0.1782,0.18289999999999998,0.1945,0.20010000000000003,0.2113,0.2255,0.24100000000000002,0.2463,0.2593,0.2757,0.2957,0.2985,0.2912,0.2807,0.2655,0.2234,0.1882,0.1705
164,0.1585,0.1444,0.1386,0.1481,0.18059999999999998,0.2052,0.2314,0.24739999999999998,0.2572,0.26170000000000004,0.275,0.2949,0.3173,0.3136,0.32030000000000003,0.32799999999999996,0.3455,0.34869999999999995,0.3367,0.3243,0.3154,0.2701,0.2339,0.1705
165,0.1527,0.13970000000000002,0.1305,0.1338,0.1516,0.1752,0.1827,0.1797,0.1916,0.18969999999999998,0.2191,0.25420000000000004,0.2802,0.2811,0.3017,0.3329,0.3746,0.35619999999999996,0.3383,0.2884,0.2707,0.2186,0.1909,0.1889
166,0.17079999999999998,0.1485,0.1412,0.1433,0.1609,0.19190000000000002,0.2065,0.2378,0.24359999999999998,0.2761,0.2861,0.2979,0.2957,0.3005,0.31420000000000003,0.32659999999999995,0.3289,0.31,0.2895,0.2774,0.2667,0.22510000000000002,0.1827,0.1866
167,0.16949999999999998,0.1625,0.15130000000000002,0.1472,0.1465,0.1433,0.14400000000000002,0.1638,0.18969999999999998,0.20670000000000002,0.2227,0.2369,0.2581,0.28059999999999996,0.2858,0.3201,0.348,0.3749,0.3275,0.2942,0.3041,0.2564,0.2084,0.1562
168,0.1457,0.1411,0.1292,0.1265,0.1274,0.1143,0.12050000000000001,0.1402,0.1666,0.1718,0.1889,0.2254,0.2563,0.2811,0.3039,0.3826,0.4107,0.4119,0.3599,0.306,0.312,0.2505,0.20370000000000002,0.1636
169,0.1478,0.1421,0.13119999999999998,0.1325,0.142,0.1566,0.1805,0.20600000000000002,0.2445,0.254,0.2828,0.3276,0.3754,0.40130000000000005,0.4428,0.5329999999999999,0.525,0.46340000000000003,0.38409999999999994,0.33159999999999995,0.3094,0.25120000000000003,0.22390000000000002,0.16620000000000001
170,0.1567,0.1456,0.1313,0.1307,0.15410000000000001,0.17550000000000002,0.1949,0.22899999999999998,0.25780000000000003,0.2693,0.27149999999999996,0.285,0.3177,0.3284,0.35409999999999997,0.4061,0.4202,0.3685,0.3306,0.2963,0.2867,0.2335,0.1869,0.18059999999999998
171,0.1592,0.1454,0.1382,0.1413,0.15689999999999998,0.1931,0.212,0.23379999999999998,0.2493,0.2768,0.2865,0.2992,0.3165,0.3331,0.33649999999999997,0.3881,0.3908,0.35009999999999997,0.3185,0.297,0.29100000000000004,0.22260000000000002,0.1928,0.1671
172,0.1454,0.1332,0.1284,0.13849999999999998,0.1563,0.19820000000000002,0.2191,0.23629999999999998,0.2623,0.2803,0.2851,0.2934,0.2964,0.3037,0.301,0.32280000000000003,0.3414,0.318,0.3019,0.3046,0.2927,0.2419,0.1928,0.1807
173,0.16399999999999998,0.1482,0.14429999999999998,0.1491,0.1739,0.2112,0.2444,0.2586,0.2827,0.31,0.3123,0.3337,0.3362,0.3483,0.3517,0.3945,0.4174,0.3823,0.34009999999999996,0.3264,0.3136,0.2772,0.2236,0.1905
174,0.1968,0.1632,0.1474,0.14400000000000002,0.1451,0.1459,0.1592,0.1791,0.2118,0.2311,0.2609,0.3002,0.2965,0.33140000000000003,0.3538,0.3885,0.3932,0.3889,0.3317,0.3187,0.3132,0.2562,0.21289999999999998,0.2053
175,0.17629999999999998,0.17120000000000002,0.1485,0.1437,0.141,0.1264,0.1383,0.1789,0.20879999999999999,0.239,0.2766,0.3119,0.3259,0.34850000000000003,0.3809,0.4525,0.4988,0.4708,0.41340000000000005,0.3603,0.3443,0.308,0.2384,0.19690000000000002
176,0.17190000000000003,0.1438,0.134,0.13369999999999999,0.1518,0.19870000000000002,0.207,0.2254,0.2659,0.2948,0.2985,0.3578,0.39280000000000004,0.4372,0.467,0.5192,0.5275,0.40909999999999996,0.3602,0.3222,0.2904,0.2545,0.2073,0.1968
177,0.1793,0.15839999999999999,0.15410000000000001,0.1551,0.1852,0.22030000000000002,0.23559999999999998,0.2619,0.2817,0.3145,0.3367,0.35369999999999996,0.3778,0.3921,0.4058,0.4347,0.45909999999999995,0.40880000000000005,0.3664,0.3276,0.3259,0.2891,0.2311,0.1936
178,0.1795,0.1572,0.1502,0.1563,0.17190000000000003,0.21600000000000003,0.2148,0.23379999999999998,0.2507,0.2647,0.2842,0.30519999999999997,0.33649999999999997,0.3547,0.3811,0.4385,0.48960000000000004,0.4318,0.3856,0.33509999999999995,0.3185,0.26039999999999996,0.2397,0.20850000000000002
179,0.1814,0.16699999999999998,0.156,0.1547,0.1681,0.20440000000000003,0.2075,0.2241,0.2593,0.2755,0.32280000000000003,0.35810000000000003,0.3931,0.42700000000000005,0.5317000000000001,0.6399,0.6836,0.5532,0.4799,0.3937,0.36810000000000004,0.3095,0.28809999999999997,0.2189
180,0.1907,0.174,0.16210000000000002,0.1589,0.17059999999999997,0.20620000000000002,0.2195,0.2527,0.2742,0.301,0.3292,0.3934,0.40759999999999996,0.47600000000000003,0.5647,0.6509999999999999,0.6312,0.5386,0.4382,0.3679,0.3322,0.2969,0.2736,0.2412
181,0.21420000000000003,0.20079999999999998,0.1865,0.1844,0.1787,0.177,0.18489999999999998,0.22949999999999998,0.2568,0.2668,0.2985,0.3124,0.3239,0.3354,0.3575,0.3753,0.4181,0.3889,0.33490000000000003,0.31629999999999997,0.3166,0.2846,0.257,0.21050000000000002
182,0.205,0.1869,0.1637,0.1507,0.14550000000000002,0.1417,0.15,0.19920000000000002,0.2127,0.2447,0.2726,0.2877,0.3073,0.32289999999999996,0.3322,0.3554,0.3751,0.3738,0.3444,0.3176,0.3038,0.2901,0.251,0.215
183,0.215,0.1866,0.16149999999999998,0.1613,0.1859,0.2202,0.2238,0.2575,0.2841,0.3154,0.3301,0.3693,0.3873,0.4378,0.4996,0.5174,0.5929,0.4807,0.3899,0.3625,0.34119999999999995,0.3091,0.2778,0.2416
184,0.1934,0.1913,0.1604,0.151,0.149,0.1515,0.16449999999999998,0.19899999999999998,0.24539999999999998,0.2822,0.3157,0.353,0.40369999999999995,0.4039,0.45539999999999997,0.5182,0.5705,0.5453,0.45020000000000004,0.3804,0.3309,0.2987,0.2736,0.2446
185,0.2076,0.1859,0.15869999999999998,0.1561,0.1777,0.2118,0.2234,0.2576,0.30010000000000003,0.3421,0.4019,0.47590000000000005,0.5366,0.5339,0.5926,0.6825,0.7098,0.6196,0.47759999999999997,0.41259999999999997,0.3655,0.3046,0.2985,0.2594
186,0.2373,0.1977,0.1681,0.1664,0.1794,0.2349,0.25379999999999997,0.2717,0.3201,0.34159999999999996,0.38780000000000003,0.4119,0.496,0.49119999999999997,0.525,0.5974,0.5824,0.49670000000000003,0.4115,0.3782,0.3436,0.2866,0.2754,0.26239999999999997
187,0.2357,0.2048,0.18780000000000002,0.1868,0.21030000000000001,0.2466,0.2723,0.2944,0.3333,0.3372,0.3936,0.4167,0.462,0.5017,0.5684,0.6423000000000001,0.6357,0.5164,0.4263,0.38380000000000003,0.35810000000000003,0.3019,0.2761,0.23739999999999997
188,0.22719999999999999,0.19940000000000002,0.1765,0.1649,0.1623,0.17190000000000003,0.19440000000000002,0.2351,0.26,0.31010000000000004,0.3398,0.35229999999999995,0.3829,0.3926,0.4361,0.4904,0.5251,0.4729,0.39039999999999997,0.34990000000000004,0.3265,0.2954,0.24969999999999998,0.2299
189,0.2133,0.18510000000000001,0.17420000000000002,0.1594,0.1514,0.15130000000000002,0.15990000000000001,0.21789999999999998,0.25120000000000003,0.268,0.297,0.3172,0.3284,0.3182,0.32899999999999996,0.3362,0.3628,0.3543,0.3267,0.3221,0.2984,0.2609,0.21710000000000002,0.19510000000000002
190,0.1732,0.1505,0.1482,0.1517,0.1656,0.1999,0.22949999999999998,0.2535,0.2625,0.28809999999999997,0.3042,0.3262,0.376,0.39890000000000003,0.4693,0.5918,0.6659999999999999,0.5693,0.4375,0.3644,0.34299999999999997,0.2926,0.264,0.2018
191,0.17420000000000002,0.1528,0.1387,0.13720000000000002,0.1476,0.1794,0.2032,0.24239999999999998,0.2813,0.3243,0.3607,0.3872,0.40490000000000004,0.4526,0.5554,0.6751,0.7419,0.6513,0.5342,0.4155,0.36719999999999997,0.3045,0.2662,0.2345
192,0.2041,0.17670000000000002,0.16079999999999997,0.1606,0.1743,0.2064,0.2459,0.2656,0.30010000000000003,0.3452,0.3889,0.42619999999999997,0.46090000000000003,0.5033,0.6531999999999999,0.7597,0.7864,0.6775,0.545,0.441,0.3734,0.31989999999999996,0.2764,0.2661
193,0.2487,0.2132,0.19329999999999997,0.1909,0.2351,0.2645,0.2682,0.2905,0.35259999999999997,0.35350000000000004,0.4036,0.4461,0.5051,0.5428000000000001,0.6486,0.7807999999999999,0.8112999999999999,0.6743000000000001,0.5725,0.4476,0.4052,0.3428,0.3186,0.2668
194,0.23929999999999998,0.20190000000000002,0.1882,0.1801,0.1986,0.2483,0.26940000000000003,0.2955,0.32159999999999994,0.34369999999999995,0.4043,0.42869999999999997,0.43560000000000004,0.4696,0.5311,0.6698999999999999,0.6844,0.5838,0.5025999999999999,0.429,0.4139,0.32420000000000004,0.29410000000000003,0.2767
195,0.2519,0.2163,0.19140000000000001,0.17920000000000003,0.1745,0.1734,0.20079999999999998,0.235,0.2787,0.3089,0.33909999999999996,0.39,0.3871,0.38549999999999995,0.41409999999999997,0.4925,0.5690999999999999,0.5128,0.4316,0.3912,0.3574,0.3023,0.2848,0.2257
196,0.2232,0.19920000000000002,0.1747,0.16510000000000002,0.16690000000000002,0.161,0.1718,0.21030000000000001,0.2359,0.2704,0.30210000000000004,0.3274,0.35259999999999997,0.37829999999999997,0.40130000000000005,0.46149999999999997,0.5416,0.504,0.4593,0.3932,0.3452,0.2981,0.2641,0.2011
197,0.1963,0.1679,0.1603,0.1613,0.17600000000000002,0.2016,0.23550000000000001,0.2751,0.30879999999999996,0.319,0.374,0.44530000000000003,0.4753,0.49229999999999996,0.5921,0.6772,0.7045,0.6281,0.5188,0.4214,0.391,0.3218,0.2868,0.221
198,0.18170000000000003,0.1618,0.1509,0.1515,0.1759,0.2097,0.21719999999999998,0.23309999999999997,0.2717,0.2962,0.3397,0.3775,0.40950000000000003,0.43829999999999997,0.4867,0.5925,0.6052000000000001,0.5379999999999999,0.46909999999999996,0.39880000000000004,0.3721,0.308,0.2721,0.2213
199,0.1929,0.1711,0.1611,0.15990000000000001,0.17350000000000002,0.21420000000000003,0.21739999999999998,0.2521,0.2781,0.2927,0.33159999999999995,0.3615,0.3934,0.40380000000000005,0.42200000000000004,0.49579999999999996,0.5495,0.4971,0.43700000000000006,0.3876,0.3815,0.30329999999999996,0.2718,0.22399999999999998
200,0.2026,0.1775,0.1656,0.1661,0.1869,0.2234,0.23309999999999997,0.2718,0.31129999999999997,0.31829999999999997,0.3552,0.3994,0.3987,0.4189,0.4621,0.4926,0.48869999999999997,0.441,0.4079,0.38060000000000005,0.3652,0.2915,0.255,0.22149999999999997
201,0.21050000000000002,0.1822,0.16219999999999998,0.16260000000000002,0.1868,0.22579999999999997,0.2395,0.2534,0.2779,0.2995,0.31629999999999997,0.3435,0.3641,0.3686,0.39520000000000005,0.45439999999999997,0.4639,0.42869999999999997,0.3763,0.34950000000000003,0.3054,0.2747,0.24960000000000002,0.2482
202,0.22010000000000002,0.2072,0.1892,0.1747,0.1704,0.17010000000000003,0.1638,0.20010000000000003,0.2275,0.2359,0.2773,0.2958,0.3211,0.33049999999999996,0.3611,0.4208,0.47490000000000004,0.44920000000000004,0.37979999999999997,0.3285,0.2992,0.2636,0.2434,0.1918
203,0.1787,0.1558,0.1432,0.1389,0.1361,0.124,0.1251,0.1698,0.17679999999999998,0.2183,0.2786,0.3098,0.348,0.376,0.4046,0.4916,0.5529999999999999,0.5263,0.4487,0.3654,0.3372,0.3002,0.2555,0.20350000000000001
204,0.203,0.159,0.1535,0.1654,0.1833,0.23379999999999998,0.2613,0.3002,0.3417,0.34990000000000004,0.4033,0.45280000000000004,0.49450000000000005,0.5254,0.5881000000000001,0.6584,0.7045999999999999,0.6077,0.5089,0.4536,0.4073,0.33039999999999997,0.2675,0.21539999999999998
205,0.1923,0.1548,0.1421,0.1478,0.16670000000000001,0.2072,0.2241,0.23800000000000002,0.2904,0.32130000000000003,0.36229999999999996,0.4104,0.4391,0.49829999999999997,0.5571,0.6964,0.7201000000000001,0.6214,0.498,0.39880000000000004,0.36469999999999997,0.3231,0.2848,0.2303
206,0.1957,0.17010000000000003,0.1616,0.16329999999999997,0.1703,0.1931,0.2369,0.2475,0.28800000000000003,0.324,0.3689,0.40509999999999996,0.4558,0.5093,0.5884,0.7468,0.8223,0.7415,0.5829,0.4951,0.3992,0.34149999999999997,0.3055,0.2875
207,0.2539,0.2289,0.21600000000000003,0.2151,0.23579999999999998,0.25239999999999996,0.30219999999999997,0.33130000000000004,0.38630000000000003,0.4754,0.6143,0.7852,1.2348000000000001,1.7848,2.2113,2.6401999999999997,2.8075,2.6654,1.831,1.0646,0.6956,0.5145000000000001,0.38,0.3166
208,0.25739999999999996,0.2289,0.1892,0.1864,0.2141,0.2451,0.27690000000000003,0.3235,0.3746,0.4292,0.5951,0.747,1.1049,1.8447,2.5776999999999997,3.0147000000000004,3.0584,2.5531,1.5545,0.7817000000000001,0.6043999999999999,0.414,0.35979999999999995,0.3032
209,0.2635,0.2339,0.2162,0.2132,0.2157,0.2043,0.2146,0.2563,0.2898,0.307,0.3705,0.3969,0.4378,0.4777,0.5268,0.6115999999999999,0.6108,0.5094,0.4476,0.37450000000000006,0.3329,0.2898,0.2507,0.2211
210,0.205,0.1975,0.1813,0.16879999999999998,0.1567,0.1499,0.1482,0.1693,0.1999,0.20559999999999998,0.2466,0.2732,0.2884,0.3025,0.31670000000000004,0.35850000000000004,0.3982,0.3926,0.3265,0.3011,0.2978,0.252,0.22699999999999998,0.1751
211,0.1606,0.1422,0.13970000000000002,0.1445,0.1593,0.19920000000000002,0.1883,0.2073,0.2285,0.2457,0.2666,0.2882,0.32549999999999996,0.3306,0.36619999999999997,0.4052,0.4508,0.4039,0.3619,0.3281,0.3134,0.2548,0.23870000000000002,0.20879999999999999
212,0.1938,0.1534,0.1476,0.15289999999999998,0.1775,0.19829999999999998,0.1999,0.21530000000000002,0.24359999999999998,0.26780000000000004,0.29410000000000003,0.3289,0.3586,0.3679,0.4205,0.5135000000000001,0.561,0.4804,0.40619999999999995,0.3564,0.32899999999999996,0.2677,0.2408,0.1734
213,0.1691,0.1447,0.13390000000000002,0.14029999999999998,0.14679999999999999,0.1725,0.1739,0.1791,0.20600000000000002,0.223,0.2541,0.2759,0.30920000000000003,0.31379999999999997,0.3558,0.4301,0.4858,0.4118,0.3479,0.3226,0.3102,0.2559,0.2318,0.1877
214,0.17920000000000003,0.1508,0.1387,0.1407,0.17600000000000002,0.1929,0.1956,0.2126,0.2505,0.261,0.2994,0.3318,0.354,0.3734,0.4228,0.5247999999999999,0.5146000000000001,0.4514,0.39549999999999996,0.3418,0.3335,0.2938,0.25780000000000003,0.20679999999999998
215,0.187,0.162,0.1474,0.1448,0.17370000000000002,0.20329999999999998,0.2303,0.24359999999999998,0.2636,0.2826,0.3139,0.3407,0.35960000000000003,0.3729,0.4251,0.4965,0.46240000000000003,0.4092,0.3393,0.32770000000000005,0.292,0.2761,0.2193,0.21559999999999999
216,0.20149999999999998,0.1673,0.1594,0.1547,0.15460000000000002,0.1616,0.1533,0.19829999999999998,0.21789999999999998,0.2346,0.275,0.2826,0.3099,0.3245,0.35350000000000004,0.4334,0.4918,0.42719999999999997,0.3513,0.3258,0.2914,0.2518,0.23920000000000002,0.1938
217,0.1772,0.1643,0.1426,0.1381,0.1363,0.1333,0.12789999999999999,0.1509,0.191,0.22469999999999998,0.2792,0.3028,0.32630000000000003,0.33130000000000004,0.3796,0.4484,0.4913,0.442,0.3709,0.3404,0.32,0.2706,0.2522,0.2241
218,0.20829999999999999,0.17739999999999997,0.157,0.16140000000000002,0.21559999999999999,0.2492,0.25370000000000004,0.25980000000000003,0.2797,0.2814,0.337,0.3693,0.396,0.3986,0.4635,0.5201,0.5056,0.4378,0.3898,0.3544,0.315,0.2742,0.24600000000000002,0.20679999999999998
219,0.184,0.1643,0.1496,0.1501,0.1734,0.2087,0.2091,0.217,0.2299,0.2536,0.267,0.2817,0.303,0.3286,0.3567,0.40049999999999997,0.4216,0.3953,0.3443,0.32030000000000003,0.306,0.2619,0.2046,0.19519999999999998
220,0.1858,0.1597,0.14859999999999998,0.1471,0.1691,0.1938,0.1998,0.2107,0.24230000000000002,0.2523,0.28190000000000004,0.3107,0.3353,0.36579999999999996,0.41350000000000003,0.45909999999999995,0.4833,0.4533,0.38170000000000004,0.34009999999999996,0.32,0.2884,0.242,0.2377
221,0.2223,0.1902,0.1739,0.1843,0.2271,0.258,0.25,0.26890000000000003,0.2854,0.29359999999999997,0.3283,0.3482,0.3666,0.353,0.36340000000000006,0.3933,0.40659999999999996,0.38189999999999996,0.3525,0.34049999999999997,0.3317,0.2791,0.2463,0.20489999999999997
222,0.19949999999999998,0.1659,0.15460000000000002,0.1583,0.17679999999999998,0.2084,0.2169,0.2299,0.2759,0.2898,0.311,0.32280000000000003,0.33520000000000005,0.3722,0.415,0.4683,0.49770000000000003,0.44659999999999994,0.3776,0.3325,0.3061,0.2797,0.2429,0.2213
223,0.215,0.19390000000000002,0.16879999999999998,0.163,0.1629,0.16690000000000002,0.1861,0.2146,0.248,0.2836,0.3274,0.38520000000000004,0.4093,0.423,0.4864,0.5557,0.5909,0.5493,0.45270000000000005,0.40619999999999995,0.37170000000000003,0.3371,0.2832,0.2458
224,0.24559999999999998,0.21600000000000003,0.1928,0.1858,0.1848,0.1788,0.17809999999999998,0.21,0.2402,0.2686,0.3011,0.3373,0.3776,0.4179,0.4819,0.5871999999999999,0.6344,0.5676,0.45840000000000003,0.38670000000000004,0.3408,0.32020000000000004,0.27190000000000003,0.2253
225,0.2213,0.1895,0.1819,0.18309999999999998,0.2341,0.27690000000000003,0.289,0.3177,0.33240000000000003,0.3442,0.4057,0.42579999999999996,0.44770000000000004,0.44189999999999996,0.46090000000000003,0.5001,0.48960000000000004,0.4446,0.4032,0.3814,0.32539999999999997,0.2998,0.2481,0.2407
226,0.22390000000000002,0.1905,0.18309999999999998,0.19399999999999998,0.22260000000000002,0.2642,0.2705,0.28350000000000003,0.324,0.3154,0.344,0.3822,0.40149999999999997,0.43579999999999997,0.49229999999999996,0.5665,0.5597,0.4727,0.3982,0.3803,0.3346,0.2962,0.2505,0.209
227,0.20170000000000002,0.1642,0.1532,0.1474,0.18530000000000002,0.2194,0.21280000000000002,0.2161,0.2238,0.2522,0.2801,0.3135,0.3258,0.3552,0.3873,0.4424,0.4728,0.4252,0.36950000000000005,0.32189999999999996,0.2959,0.25670000000000004,0.21289999999999998,0.1881
228,0.1655,0.15109999999999998,0.1379,0.1387,0.1648,0.2133,0.2194,0.22329999999999997,0.2419,0.2625,0.2859,0.3173,0.3521,0.36060000000000003,0.4132,0.4559,0.4752,0.4156,0.37079999999999996,0.3442,0.313,0.2782,0.23829999999999998,0.20309999999999997
229,0.2014,0.1595,0.1521,0.15869999999999998,0.1761,0.207,0.2071,0.20800000000000002,0.22460000000000002,0.248,0.2535,0.2808,0.2952,0.3118,0.32530000000000003,0.3653,0.37420000000000003,0.3403,0.2912,0.2608,0.2414,0.1966,0.1782,0.13849999999999998
230,0.13019999999999998,0.12279999999999999,0.1109,0.109,0.1191,0.11359999999999999,0.1119,0.12869999999999998,0.1426,0.1527,0.1711,0.1925,0.2206,0.243,0.266,0.30519999999999997,0.3234,0.3261,0.2956,0.2529,0.22649999999999998,0.1848,0.156,0.1213
231,0.1008,0.10300000000000001,0.1,0.1001,0.099,0.0911,0.09480000000000001,0.10890000000000001,0.1333,0.1885,0.2568,0.2916,0.3165,0.341,0.3917,0.4916,0.5569,0.5163,0.418,0.341,0.31629999999999997,0.2826,0.2426,0.1989
232,0.19,0.157,0.1394,0.1446,0.188,0.21100000000000002,0.2073,0.2229,0.2829,0.2879,0.3686,0.4239,0.4706,0.5524,0.6314,0.7946,0.8222,0.6422,0.4949,0.4004,0.3448,0.3024,0.2797,0.2161
233,0.1985,0.1841,0.16260000000000002,0.1625,0.19,0.22089999999999999,0.22390000000000002,0.23199999999999998,0.24420000000000003,0.26780000000000004,0.295,0.3201,0.34979999999999994,0.38520000000000004,0.429,0.5015,0.47659999999999997,0.42560000000000003,0.3552,0.3122,0.2788,0.24609999999999999,0.2271,0.20149999999999998
234,0.1861,0.1693,0.1481,0.1432,0.1743,0.21030000000000001,0.2169,0.21780000000000002,0.23739999999999997,0.26839999999999997,0.2994,0.32020000000000004,0.35969999999999996,0.392,0.4261,0.4955,0.49439999999999995,0.4799,0.4129,0.35609999999999997,0.3063,0.26890000000000003,0.24359999999999998,0.2173
235,0.18059999999999998,0.16820000000000002,0.1528,0.1563,0.1776,0.22649999999999998,0.2288,0.2351,0.2666,0.2843,0.3396,0.3728,0.40990000000000004,0.4422,0.5179,0.5757,0.5943,0.539,0.45840000000000003,0.3874,0.3347,0.2882,0.2594,0.23199999999999998
236,0.2202,0.2077,0.19469999999999998,0.19329999999999997,0.2273,0.2402,0.258,0.2757,0.3134,0.31829999999999997,0.3579,0.3872,0.4053,0.4285,0.5166,0.591,0.5782,0.48460000000000003,0.4391,0.3996,0.3383,0.311,0.2812,0.2688
237,0.2329,0.2213,0.1884,0.17329999999999998,0.17600000000000002,0.1802,0.18460000000000001,0.2146,0.2534,0.2658,0.2999,0.3208,0.3371,0.3716,0.41869999999999996,0.4679,0.4493,0.42479999999999996,0.3529,0.3261,0.28059999999999996,0.2361,0.2289,0.2047
238,0.1977,0.1865,0.1602,0.1467,0.1401,0.1365,0.1433,0.1748,0.2023,0.2104,0.2509,0.267,0.2732,0.281,0.2998,0.3354,0.3549,0.3394,0.308,0.2926,0.2523,0.2168,0.19579999999999997,0.20550000000000002
239,0.1775,0.1494,0.1423,0.1478,0.19879999999999998,0.239,0.2418,0.24359999999999998,0.252,0.2734,0.2883,0.32520000000000004,0.33840000000000003,0.33899999999999997,0.37729999999999997,0.4102,0.43420000000000003,0.39409999999999995,0.3514,0.34259999999999996,0.3046,0.25170000000000003,0.2288,0.2255
240,0.19510000000000002,0.1568,0.1474,0.1479,0.1769,0.2377,0.2394,0.2415,0.2526,0.2636,0.2791,0.299,0.3293,0.3414,0.3814,0.40490000000000004,0.44229999999999997,0.4006,0.35979999999999995,0.3332,0.2882,0.25920000000000004,0.22920000000000001,0.2169
241,0.2009,0.17309999999999998,0.16219999999999998,0.1641,0.1863,0.2227,0.2327,0.2351,0.2426,0.2468,0.26789999999999997,0.2876,0.3024,0.31329999999999997,0.3602,0.3874,0.395,0.34009999999999996,0.2959,0.2884,0.2444,0.20829999999999999,0.18309999999999998,0.1827
242,0.16579999999999998,0.1472,0.1384,0.1426,0.1744,0.2082,0.19210000000000002,0.185,0.1935,0.1931,0.1979,0.20929999999999999,0.2354,0.2366,0.24850000000000003,0.257,0.2828,0.276,0.24670000000000003,0.2443,0.2026,0.1743,0.161,0.1404
243,0.13390000000000002,0.1265,0.1253,0.1285,0.14800000000000002,0.1858,0.166,0.1671,0.17420000000000002,0.1848,0.1918,0.21489999999999998,0.24350000000000002,0.2455,0.281,0.317,0.3514,0.34450000000000003,0.2718,0.2644,0.2266,0.19219999999999998,0.17350000000000002,0.1457
244,0.1416,0.1275,0.1264,0.1225,0.1276,0.1277,0.1264,0.1301,0.1576,0.1754,0.1888,0.217,0.2534,0.2785,0.30579999999999996,0.3368,0.36950000000000005,0.3632,0.3151,0.2755,0.2413,0.2046,0.1765,0.1551
245,0.1429,0.1364,0.1267,0.12300000000000001,0.12300000000000001,0.1243,0.1216,0.1335,0.155,0.1966,0.25079999999999997,0.2854,0.3323,0.37420000000000003,0.4325,0.5157,0.6154,0.5831000000000001,0.4839,0.3791,0.3118,0.29359999999999997,0.253,0.18780000000000002
246,0.1855,0.16649999999999998,0.1485,0.1373,0.1467,0.1822,0.15990000000000001,0.1704,0.2139,0.2544,0.2812,0.34659999999999996,0.3899,0.4215,0.4782,0.5659000000000001,0.7020000000000001,0.6057,0.5029,0.40240000000000004,0.3232,0.2903,0.2568,0.2274
247,0.19920000000000002,0.1766,0.1573,0.1661,0.1843,0.2262,0.22390000000000002,0.2373,0.28300000000000003,0.32020000000000004,0.3615,0.44520000000000004,0.4932,0.5819,0.6819,0.7888,0.9066,0.7212000000000001,0.5456,0.4183,0.35719999999999996,0.3046,0.2768,0.2465
248,0.2163,0.1911,0.17859999999999998,0.1858,0.22399999999999998,0.2616,0.2623,0.2685,0.3121,0.3336,0.3901,0.4836,0.5600999999999999,0.6121,0.753,0.9218999999999999,1.0343,0.78,0.6178,0.4941,0.3973,0.34299999999999997,0.2948,0.2655
249,0.2366,0.2177,0.2022,0.1993,0.2414,0.2842,0.2726,0.27440000000000003,0.3036,0.3375,0.3884,0.4483,0.5428000000000001,0.6108,0.6692,0.7866,0.7709,0.6193,0.5244,0.4354,0.3249,0.3184,0.2774,0.23929999999999998
250,0.22329999999999997,0.18780000000000002,0.17190000000000003,0.1816,0.217,0.25370000000000004,0.2491,0.2477,0.2584,0.2898,0.31620000000000004,0.33490000000000003,0.4047,0.4409,0.489,0.5576,0.5345,0.4407,0.3862,0.3458,0.294,0.2586,0.2268,0.2402
251,0.2332,0.21289999999999998,0.20329999999999998,0.19210000000000002,0.1959,0.20920000000000002,0.2255,0.2482,0.2837,0.3011,0.3159,0.3448,0.3782,0.4067,0.45289999999999997,0.4975,0.5265,0.4434,0.3901,0.3482,0.3147,0.2869,0.2672,0.2206
252,0.20629999999999998,0.1971,0.16940000000000002,0.1704,0.17059999999999997,0.175,0.1771,0.19879999999999998,0.228,0.2397,0.2804,0.31079999999999997,0.3264,0.3447,0.37939999999999996,0.4208,0.469,0.41609999999999997,0.3887,0.3428,0.3081,0.261,0.2433,0.2072
253,0.1873,0.158,0.15380000000000002,0.1589,0.2095,0.2838,0.2743,0.2457,0.2877,0.32289999999999996,0.3497,0.35960000000000003,0.435,0.4736,0.5536,0.611,0.6823999999999999,0.5749,0.49119999999999997,0.4266,0.3488,0.2965,0.2637,0.2148
254,0.1946,0.1628,0.1542,0.157,0.203,0.2516,0.2379,0.23149999999999998,0.2668,0.2829,0.3032,0.35950000000000004,0.4163,0.4257,0.47609999999999997,0.5736,0.5921,0.47350000000000003,0.40399999999999997,0.3371,0.28850000000000003,0.2572,0.22329999999999997,0.25
255,0.23120000000000002,0.2108,0.1861,0.21030000000000001,0.25489999999999996,0.3072,0.31379999999999997,0.3018,0.30329999999999996,0.30670000000000003,0.3041,0.32789999999999997,0.3527,0.34630000000000005,0.3889,0.444,0.4715,0.4172,0.3601,0.3134,0.26539999999999997,0.2441,0.2168,0.2039
256,0.1788,0.16,0.153,0.1567,0.1972,0.2871,0.23260000000000003,0.2266,0.2305,0.2413,0.2391,0.2698,0.2868,0.2958,0.3145,0.3669,0.4029,0.3632,0.3035,0.2812,0.2359,0.2077,0.18780000000000002,0.1912
257,0.16829999999999998,0.15380000000000002,0.1483,0.15289999999999998,0.20980000000000001,0.2724,0.24670000000000003,0.2414,0.23850000000000002,0.23550000000000001,0.2447,0.2571,0.2772,0.2883,0.31379999999999997,0.3822,0.4633,0.4201,0.317,0.2993,0.26039999999999996,0.23199999999999998,0.19510000000000002,0.20420000000000002
258,0.1827,0.1643,0.1575,0.1578,0.1624,0.1793,0.1912,0.19190000000000002,0.1865,0.1972,0.21109999999999998,0.2224,0.2343,0.2555,0.2732,0.3206,0.37229999999999996,0.379,0.3369,0.2894,0.2614,0.2225,0.19760000000000003,0.19149999999999998
259,0.18760000000000002,0.1666,0.1517,0.14800000000000002,0.1552,0.16399999999999998,0.16920000000000002,0.1736,0.183,0.19039999999999999,0.2096,0.23010000000000003,0.2494,0.2681,0.27690000000000003,0.2814,0.3085,0.32539999999999997,0.3062,0.2952,0.2864,0.2404,0.2213,0.2079
260,0.20579999999999998,0.1592,0.1543,0.18059999999999998,0.2278,0.2832,0.2909,0.2673,0.272,0.2661,0.2557,0.2797,0.2848,0.28559999999999997,0.30219999999999997,0.3566,0.47240000000000004,0.41600000000000004,0.3834,0.32170000000000004,0.2872,0.2515,0.21059999999999998,0.1861
261,0.1686,0.1418,0.1375,0.1384,0.183,0.2451,0.2434,0.2191,0.2155,0.2236,0.2268,0.2416,0.2529,0.2577,0.272,0.2999,0.3922,0.3689,0.3164,0.282,0.25730000000000003,0.2158,0.1971,0.1675
262,0.16920000000000002,0.1436,0.13849999999999998,0.1535,0.19469999999999998,0.25420000000000004,0.2692,0.2354,0.2398,0.24969999999999998,0.26890000000000003,0.2836,0.3517,0.34049999999999997,0.3862,0.4728,0.5603,0.4943,0.43520000000000003,0.358,0.3009,0.25239999999999996,0.2208,0.19920000000000002
263,0.1911,0.158,0.1508,0.1585,0.2003,0.2243,0.2345,0.21899999999999997,0.22899999999999998,0.2364,0.2641,0.27149999999999996,0.3041,0.3258,0.36210000000000003,0.41950000000000004,0.5195000000000001,0.4307,0.3644,0.3208,0.2754,0.2516,0.20629999999999998,0.1996
264,0.19039999999999999,0.1588,0.1506,0.1585,0.19820000000000002,0.2838,0.2625,0.247,0.2663,0.2854,0.2849,0.30829999999999996,0.33039999999999997,0.3395,0.35700000000000004,0.4067,0.452,0.3626,0.3251,0.28809999999999997,0.24760000000000001,0.23190000000000002,0.2046,0.1815
265,0.1618,0.1429,0.13970000000000002,0.1419,0.1423,0.17920000000000003,0.18460000000000001,0.1981,0.22829999999999998,0.2223,0.20980000000000001,0.2161,0.2243,0.2414,0.2413,0.25170000000000003,0.2801,0.2814,0.2843,0.2394,0.21030000000000001,0.18469999999999998,0.1656,0.1418
266,0.13369999999999999,0.121,0.1183,0.12119999999999999,0.122,0.1304,0.1383,0.1686,0.18309999999999998,0.20190000000000002,0.21030000000000001,0.2113,0.2231,0.23129999999999998,0.2494,0.26489999999999997,0.31579999999999997,0.3249,0.3565,0.26530000000000004,0.243,0.2014,0.1945,0.1863
267,0.19699999999999998,0.1517,0.1517,0.18780000000000002,0.2437,0.32299999999999995,0.3333,0.2991,0.3193,0.321,0.33399999999999996,0.3427,0.35229999999999995,0.35350000000000004,0.3677,0.3979,0.4813,0.4071,0.39149999999999996,0.3635,0.3089,0.2869,0.21280000000000002,0.2021
268,0.21289999999999998,0.1772,0.1661,0.19440000000000002,0.23329999999999998,0.34869999999999995,0.33270000000000005,0.30920000000000003,0.3461,0.3539,0.34090000000000004,0.35509999999999997,0.35600000000000004,0.35719999999999996,0.3703,0.4021,0.4391,0.42450000000000004,0.4338,0.358,0.2964,0.26239999999999997,0.22510000000000002,0.1971
269,0.2028,0.1764,0.16899999999999998,0.1863,0.2213,0.3125,0.33740000000000003,0.295,0.3035,0.3075,0.3054,0.3041,0.3257,0.3075,0.3141,0.3233,0.34850000000000003,0.3361,0.3764,0.3212,0.2836,0.26890000000000003,0.2207,0.2034
270,0.2071,0.1975,0.192,0.20629999999999998,0.2585,0.32530000000000003,0.37020000000000003,0.34259999999999996,0.31,0.3057,0.3157,0.32539999999999997,0.33340000000000003,0.3333,0.3569,0.35700000000000004,0.37729999999999997,0.40990000000000004,0.4522,0.3833,0.3521,0.3201,0.2735,0.2114
271,0.2109,0.19329999999999997,0.1877,0.19219999999999998,0.2443,0.3247,0.35350000000000004,0.3518,0.3347,0.33659999999999995,0.3347,0.3567,0.3765,0.3712,0.38130000000000003,0.39159999999999995,0.4228,0.4072,0.3987,0.3433,0.3271,0.2874,0.2477,0.2043
272,0.2364,0.1789,0.1776,0.18309999999999998,0.19469999999999998,0.2097,0.22210000000000002,0.2228,0.23829999999999998,0.26039999999999996,0.2736,0.2845,0.3015,0.3197,0.3389,0.3763,0.4368,0.4031,0.3766,0.3201,0.28059999999999996,0.25579999999999997,0.228,0.1865
273,0.184,0.1495,0.1387,0.13449999999999998,0.1501,0.1787,0.182,0.17,0.18239999999999998,0.2143,0.23149999999999998,0.2502,0.2928,0.32520000000000004,0.36340000000000006,0.4218,0.5739,0.5418,0.46509999999999996,0.3614,0.2956,0.2711,0.23260000000000003,0.1917
274,0.1818,0.153,0.1482,0.1531,0.21280000000000002,0.30510000000000004,0.2824,0.2634,0.2717,0.2958,0.3318,0.3901,0.42829999999999996,0.4844,0.5920000000000001,0.7158,0.8640000000000001,0.6553,0.5793,0.4004,0.32899999999999996,0.2901,0.247,0.20440000000000003
275,0.19030000000000002,0.1605,0.1512,0.1613,0.2288,0.29969999999999997,0.3054,0.2786,0.2904,0.2953,0.3603,0.41600000000000004,0.49689999999999995,0.589,0.6866,0.8946,0.9933,0.7675,0.6345000000000001,0.45990000000000003,0.3549,0.3089,0.2606,0.1966
276,0.1791,0.163,0.1527,0.1565,0.1989,0.2811,0.2793,0.2421,0.27649999999999997,0.29460000000000003,0.33630000000000004,0.4183,0.5131,0.6269,0.7204,0.8623000000000001,0.9718000000000001,0.7644,0.6236,0.4482,0.3615,0.303,0.2668,0.21489999999999998
277,0.2064,0.1881,0.17550000000000002,0.18780000000000002,0.2544,0.3237,0.3276,0.305,0.3136,0.3148,0.3372,0.39490000000000003,0.4226,0.4534,0.46759999999999996,0.5281,0.6052000000000001,0.5209,0.47450000000000003,0.3766,0.32780000000000004,0.29969999999999997,0.2466,0.20980000000000001
278,0.19399999999999998,0.17800000000000002,0.1724,0.1804,0.2289,0.3146,0.3035,0.3002,0.3096,0.3032,0.3025,0.29350000000000004,0.31010000000000004,0.3333,0.3396,0.3414,0.35259999999999997,0.3716,0.37450000000000006,0.3121,0.2641,0.2371,0.2163,0.215
279,0.2322,0.196,0.1782,0.1759,0.1968,0.24739999999999998,0.2586,0.275,0.2475,0.2419,0.2487,0.2274,0.22210000000000002,0.22390000000000002,0.217,0.2463,0.29510000000000003,0.32299999999999995,0.41619999999999996,0.3447,0.3025,0.2752,0.23829999999999998,0.2082
280,0.207,0.192,0.16949999999999998,0.17679999999999998,0.1968,0.2024,0.2139,0.2064,0.2094,0.21230000000000002,0.2137,0.2071,0.2064,0.2071,0.21059999999999998,0.2193,0.3207,0.4932,0.6478,0.3987,0.3265,0.3093,0.2544,0.2195
281,0.20800000000000002,0.193,0.19149999999999998,0.22039999999999998,0.2752,0.4672,0.5765,0.4083,0.3421,0.36119999999999997,0.3373,0.3173,0.2853,0.2866,0.2891,0.3069,0.36619999999999997,0.5135000000000001,0.6708,0.4252,0.3178,0.2813,0.25079999999999997,0.2426
282,0.23989999999999997,0.2267,0.2227,0.23989999999999997,0.2889,0.5088,0.5660000000000001,0.41509999999999997,0.3418,0.33649999999999997,0.315,0.2921,0.2722,0.26280000000000003,0.26839999999999997,0.3119,0.3715,0.5357,0.6529,0.42579999999999996,0.35600000000000004,0.29460000000000003,0.2634,0.235
283,0.2403,0.21100000000000002,0.20370000000000002,0.2401,0.3256,0.49229999999999996,0.532,0.35850000000000004,0.293,0.2859,0.284,0.2812,0.2838,0.2803,0.2838,0.3356,0.4094,0.5234000000000001,0.485,0.3477,0.295,0.2564,0.23620000000000002,0.21539999999999998
284,0.2127,0.1946,0.1941,0.2248,0.26280000000000003,0.39490000000000003,0.4597,0.35719999999999996,0.3048,0.32689999999999997,0.3171,0.34299999999999997,0.35109999999999997,0.34119999999999995,0.3613,0.38170000000000004,0.5183,0.5749,0.47840000000000005,0.3628,0.2894,0.26780000000000004,0.23120000000000002,0.2352
285,0.2214,0.18350000000000002,0.177,0.2006,0.2584,0.3323,0.3657,0.2865,0.2949,0.29960000000000003,0.2979,0.3322,0.33270000000000005,0.3335,0.34009999999999996,0.3834,0.46409999999999996,0.5047999999999999,0.45030000000000003,0.3887,0.3207,0.3155,0.26530000000000004,0.2692
286,0.2718,0.2249,0.20309999999999997,0.2188,0.2376,0.2562,0.27899999999999997,0.345,0.3575,0.3543,0.34409999999999996,0.35340000000000005,0.3312,0.294,0.2965,0.2989,0.37560000000000004,0.3936,0.4177,0.3671,0.3222,0.3075,0.25379999999999997,0.239
287,0.2328,0.204,0.19510000000000002,0.19940000000000002,0.2007,0.21969999999999998,0.2546,0.27190000000000003,0.2875,0.2889,0.2874,0.2804,0.26890000000000003,0.2488,0.24969999999999998,0.2828,0.37070000000000003,0.5341,0.5992999999999999,0.3934,0.3471,0.3208,0.2704,0.2361
288,0.23,0.2132,0.21050000000000002,0.24489999999999998,0.3215,0.5394,0.7465,0.4534,0.41090000000000004,0.4608,0.4236,0.4214,0.4457,0.4217,0.3787,0.4072,0.5153,0.733,0.7411,0.4739,0.4535,0.40869999999999995,0.32049999999999995,0.2905
289,0.2673,0.2468,0.24230000000000002,0.2634,0.3286,0.49920000000000003,0.6833,0.5396,0.40409999999999996,0.3762,0.3558,0.35969999999999996,0.3479,0.3436,0.3296,0.3661,0.4725,0.7004,0.7123999999999999,0.46759999999999996,0.41350000000000003,0.3599,0.3077,0.2525
290,0.2535,0.2364,0.231,0.23370000000000002,0.30760000000000004,0.5318,0.5745,0.43670000000000003,0.3016,0.31120000000000003,0.305,0.285,0.2818,0.28059999999999996,0.2801,0.30079999999999996,0.3923,0.5959,0.5756,0.3936,0.3089,0.2644,0.2304,0.2122
291,0.20199999999999999,0.1857,0.19219999999999998,0.2122,0.2606,0.4461,0.669,0.3943,0.3079,0.3049,0.309,0.31129999999999997,0.3184,0.30219999999999997,0.3042,0.3271,0.3981,0.6515000000000001,0.6701,0.4412,0.3532,0.2908,0.252,0.24530000000000002
292,0.24420000000000003,0.2114,0.2112,0.2122,0.2495,0.3832,0.5257000000000001,0.4596,0.43420000000000003,0.4414,0.41619999999999996,0.4178,0.38530000000000003,0.36479999999999996,0.3404,0.34909999999999997,0.4191,0.5521,0.5418,0.4207,0.375,0.3496,0.2924,0.2762
293,0.2867,0.22469999999999998,0.2177,0.21559999999999999,0.20989999999999998,0.24359999999999998,0.285,0.2954,0.27949999999999997,0.2668,0.2502,0.255,0.2229,0.21230000000000002,0.2075,0.2147,0.3005,0.3779,0.3818,0.32630000000000003,0.29960000000000003,0.2979,0.23809999999999998,0.2205
294,0.2261,0.2065,0.20600000000000002,0.24780000000000002,0.2484,0.251,0.2859,0.2669,0.2455,0.2569,0.2515,0.26170000000000004,0.2521,0.2516,0.2487,0.261,0.41450000000000004,0.605,0.7597,0.4204,0.3885,0.3467,0.299,0.2329
295,0.2202,0.21239999999999998,0.2187,0.2403,0.3127,0.6324000000000001,1.2109,0.5019,0.3578,0.34909999999999997,0.35159999999999997,0.3554,0.3325,0.3116,0.2958,0.3455,0.4619,0.7276,0.6577,0.4275,0.3468,0.2977,0.2229,0.2101
296,0.2087,0.19649999999999998,0.19829999999999998,0.2121,0.2545,0.5238,0.6163000000000001,0.3507,0.268,0.27440000000000003,0.2781,0.2871,0.275,0.2779,0.2792,0.3225,0.4073,0.5642,0.42310000000000003,0.33740000000000003,0.2801,0.2386,0.231,0.2162
297,0.21989999999999998,0.2139,0.212,0.2412,0.23170000000000002,0.35509999999999997,0.4386,0.3106,0.2622,0.2667,0.2949,0.2861,0.2939,0.3085,0.3225,0.3514,0.4194,0.5107,0.47119999999999995,0.3818,0.3118,0.2733,0.23559999999999998,0.1961
298,0.193,0.1693,0.1604,0.1793,0.2051,0.3325,0.4677,0.355,0.2894,0.2982,0.32030000000000003,0.345,0.3851,0.39,0.3979,0.4449,0.5033,0.5577000000000001,0.4939,0.3599,0.2995,0.26289999999999997,0.2144,0.1963
299,0.17809999999999998,0.1653,0.1636,0.17579999999999998,0.2143,0.35240000000000005,0.4473,0.4036,0.3674,0.3591,0.40700000000000003,0.4416,0.4739,0.541,0.557,0.7209,0.8146,0.6053999999999999,0.5328,0.4069,0.35259999999999997,0.3556,0.2867,0.2657
300,0.252,0.2108,0.2075,0.21359999999999998,0.23629999999999998,0.24760000000000001,0.2842,0.2986,0.3094,0.3709,0.4268,0.49369999999999997,0.5023,0.5444,0.5760000000000001,0.6202000000000001,0.7254,0.8005,0.5401,0.40509999999999996,0.34600000000000003,0.337,0.29710000000000003,0.24600000000000002
301,0.2608,0.21850000000000003,0.21170000000000003,0.2046,0.2041,0.22460000000000002,0.2535,0.278,0.2816,0.2938,0.3538,0.3825,0.3711,0.35,0.3465,0.4064,0.5264,0.6277,0.5154,0.4033,0.3273,0.3089,0.2693,0.2181
302,0.2121,0.2007,0.1909,0.2053,0.2217,0.3249,0.42829999999999996,0.355,0.35009999999999997,0.37689999999999996,0.4142,0.40700000000000003,0.40240000000000004,0.4268,0.4147,0.4238,0.5759000000000001,0.7829,0.6369,0.4608,0.37479999999999997,0.34240000000000004,0.2924,0.2465
303,0.25129999999999997,0.2391,0.23620000000000002,0.25989999999999996,0.292,0.4263,0.7281,0.5344,0.41659999999999997,0.4105,0.3483,0.3362,0.3301,0.319,0.3169,0.33390000000000003,0.4067,0.5628,0.5166,0.4388,0.39159999999999995,0.39020000000000005,0.3271,0.3448
304,0.33509999999999995,0.3226,0.3223,0.35119999999999996,0.391,0.6203,0.9756999999999999,0.7134999999999999,0.4854,0.4507,0.3818,0.3625,0.34979999999999994,0.31620000000000004,0.3054,0.35119999999999996,0.44939999999999997,0.685,0.5283,0.4813,0.41950000000000004,0.39159999999999995,0.38280000000000003,0.3489
305,0.34850000000000003,0.3461,0.3483,0.36810000000000004,0.4057,0.7283,0.9759,0.5992000000000001,0.3861,0.3289,0.3237,0.3103,0.2985,0.2622,0.2594,0.2917,0.3503,0.4661,0.41100000000000003,0.3714,0.3289,0.31,0.2926,0.2823
306,0.275,0.27390000000000003,0.2757,0.3068,0.368,1.1837,1.4291999999999998,1.02,0.5787,0.3057,0.29969999999999997,0.27940000000000004,0.2697,0.2464,0.2515,0.27940000000000004,0.34,0.40240000000000004,0.3517,0.32189999999999996,0.316,0.30510000000000004,0.2422,0.2644
307,0.2813,0.2892,0.284,0.30260000000000004,0.3077,0.3322,0.4025,0.44049999999999995,0.3419,0.29469999999999996,0.2939,0.2851,0.2637,0.25379999999999997,0.2585,0.2749,0.31629999999999997,0.37479999999999997,0.3045,0.3074,0.2892,0.28859999999999997,0.24230000000000002,0.247
308,0.2565,0.2181,0.2396,0.2259,0.2389,0.2676,0.2731,0.3017,0.25670000000000004,0.24420000000000003,0.2324,0.231,0.2291,0.222,0.218,0.2328,0.3208,0.4125,0.31679999999999997,0.3085,0.2778,0.2505,0.2519,0.2141
309,0.1825,0.18350000000000002,0.1721,0.1804,0.1981,0.2711,0.5138,0.3809,0.2691,0.23260000000000003,0.2357,0.23420000000000002,0.2432,0.2451,0.2619,0.2712,0.3549,0.6252,0.43479999999999996,0.34600000000000003,0.28350000000000003,0.2487,0.2379,0.2164
310,0.20550000000000002,0.2119,0.2036,0.2043,0.22399999999999998,0.2634,0.35109999999999997,0.36560000000000004,0.3153,0.3245,0.3103,0.3251,0.3311,0.3218,0.3,0.30670000000000003,0.361,0.5629,0.42719999999999997,0.31120000000000003,0.27399999999999997,0.25329999999999997,0.2195,0.19820000000000002
311,0.1888,0.1771,0.15710000000000002,0.1572,0.1864,0.2321,0.31420000000000003,0.31629999999999997,0.2412,0.2348,0.276,0.2789,0.2917,0.299,0.299,0.3059,0.3874,0.6329,0.4376,0.3586,0.3029,0.26239999999999997,0.245,0.2034
312,0.1869,0.1832,0.1765,0.1769,0.1942,0.23190000000000002,0.3003,0.3246,0.2746,0.2833,0.2939,0.325,0.3285,0.33909999999999996,0.3286,0.35359999999999997,0.36920000000000003,0.5681,0.4081,0.3293,0.303,0.2732,0.2507,0.2304
313,0.2144,0.2275,0.2043,0.20920000000000002,0.2302,0.2415,0.31620000000000004,0.3775,0.4205,0.5115999999999999,0.4629,0.3797,0.3453,0.32789999999999997,0.2964,0.2939,0.3772,0.6142,0.4536,0.4,0.3975,0.4462,0.4171,0.3243
314,0.3135,0.3089,0.2774,0.27149999999999996,0.2956,0.2923,0.33039999999999997,0.35600000000000004,0.32189999999999996,0.2771,0.2673,0.25420000000000004,0.256,0.2414,0.2318,0.261,0.3521,0.4664,0.3574,0.3564,0.33380000000000004,0.3096,0.2957,0.28600000000000003
315,0.3126,0.30920000000000003,0.2659,0.2622,0.2802,0.2904,0.3344,0.3443,0.299,0.2703,0.2634,0.2597,0.25429999999999997,0.24359999999999998,0.2299,0.23670000000000002,0.35,0.5035000000000001,0.38530000000000003,0.35609999999999997,0.3613,0.30870000000000003,0.2788,0.2685
316,0.2641,0.2958,0.29960000000000003,0.3028,0.3632,0.4571,0.8653,0.9255,0.4635,0.3722,0.3446,0.30920000000000003,0.2962,0.2849,0.2749,0.2993,0.4471,0.9003,0.5294,0.4932,0.4275,0.43270000000000003,0.3832,0.32539999999999997
317,0.2688,0.2605,0.2529,0.2575,0.2973,0.32170000000000004,0.5428999999999999,0.5103,0.30829999999999996,0.2652,0.267,0.2666,0.2671,0.25920000000000004,0.2572,0.2712,0.3983,0.5842,0.4068,0.3996,0.35969999999999996,0.3239,0.30579999999999996,0.2862
318,0.2874,0.2952,0.2759,0.2812,0.3116,0.3544,0.7619,0.6862999999999999,0.40880000000000005,0.4122,0.4133,0.3856,0.3739,0.34759999999999996,0.3478,0.34979999999999994,0.4357,0.5794,0.44880000000000003,0.4138,0.3588,0.3475,0.3378,0.2926
319,0.233,0.2274,0.2297,0.24489999999999998,0.2648,0.2964,0.5595,0.5086999999999999,0.314,0.27649999999999997,0.282,0.2728,0.2503,0.23800000000000002,0.23370000000000002,0.2432,0.30329999999999996,0.4068,0.3387,0.3011,0.2746,0.2458,0.2284,0.20800000000000002
320,0.2021,0.2002,0.1956,0.195,0.20379999999999998,0.2351,0.32030000000000003,0.3276,0.3035,0.2894,0.31579999999999997,0.3243,0.33909999999999996,0.3372,0.3175,0.3016,0.3556,0.46619999999999995,0.4086,0.3494,0.3529,0.35509999999999997,0.3274,0.2619
321,0.2614,0.2429,0.2459,0.2413,0.2373,0.2555,0.2696,0.2923,0.28600000000000003,0.2799,0.2782,0.2746,0.2458,0.2304,0.2266,0.239,0.28600000000000003,0.3675,0.3568,0.337,0.312,0.3024,0.3045,0.2867
322,0.2416,0.23399999999999999,0.23260000000000003,0.2372,0.23929999999999998,0.25670000000000004,0.2659,0.281,0.2491,0.2253,0.2228,0.2225,0.2208,0.21289999999999998,0.2073,0.21969999999999998,0.25989999999999996,0.344,0.3145,0.3124,0.3098,0.2802,0.2636,0.2475
323,0.22649999999999998,0.2236,0.21960000000000002,0.2198,0.2329,0.26170000000000004,0.41240000000000004,0.43829999999999997,0.3148,0.2802,0.2805,0.2668,0.2555,0.2439,0.247,0.2551,0.2922,0.4653,0.3513,0.32159999999999994,0.3061,0.2792,0.2582,0.24420000000000003
324,0.22920000000000001,0.22760000000000002,0.22579999999999997,0.2159,0.2193,0.2365,0.3206,0.34490000000000004,0.3272,0.33270000000000005,0.37200000000000005,0.33990000000000004,0.3247,0.3259,0.3091,0.2984,0.2999,0.36369999999999997,0.3086,0.2942,0.2695,0.2402,0.2311,0.20629999999999998
325,0.2165,0.2175,0.21559999999999999,0.21030000000000001,0.2256,0.251,0.2957,0.3103,0.31679999999999997,0.3155,0.3223,0.31679999999999997,0.3044,0.2824,0.27190000000000003,0.2833,0.3084,0.361,0.3282,0.3096,0.3017,0.289,0.2384,0.2141
326,0.2122,0.2113,0.2053,0.1986,0.2064,0.2184,0.25920000000000004,0.2734,0.2376,0.2353,0.24350000000000002,0.2401,0.22390000000000002,0.2094,0.2134,0.2257,0.2525,0.2884,0.2895,0.2857,0.26940000000000003,0.2659,0.2498,0.2434
327,0.20920000000000002,0.2101,0.20379999999999998,0.2024,0.2175,0.2305,0.276,0.2757,0.2536,0.2402,0.2403,0.247,0.2439,0.23260000000000003,0.22760000000000002,0.2469,0.2877,0.3506,0.2916,0.3017,0.30260000000000004,0.301,0.31079999999999997,0.258
328,0.2639,0.2962,0.26489999999999997,0.2522,0.264,0.2832,0.3109,0.3225,0.30829999999999996,0.2699,0.2682,0.2565,0.2426,0.2368,0.2348,0.2616,0.33740000000000003,0.3743,0.3446,0.3311,0.33049999999999996,0.32289999999999996,0.34130000000000005,0.2959
329,0.29,0.2631,0.2521,0.2429,0.2455,0.26789999999999997,0.2797,0.2939,0.2738,0.2681,0.2527,0.2401,0.2354,0.2273,0.22699999999999998,0.2235,0.25739999999999996,0.3002,0.2808,0.25420000000000004,0.23379999999999998,0.2354,0.2241,0.2094
330,0.2066,0.2059,0.2029,0.2072,0.2144,0.2616,0.3843,0.4587,0.3564,0.2902,0.2828,0.26839999999999997,0.2664,0.2557,0.2571,0.2671,0.33130000000000004,0.5404,0.5318999999999999,0.48229999999999995,0.37200000000000005,0.34450000000000003,0.3152,0.2866
331,0.2724,0.2749,0.2752,0.272,0.2909,0.3258,0.5077,0.6659999999999999,0.4401,0.34509999999999996,0.39659999999999995,0.37229999999999996,0.3601,0.3489,0.3396,0.3625,0.4932,0.8179000000000001,0.6501,0.5945,0.5246999999999999,0.4826,0.44079999999999997,0.4202
332,0.4899,0.4739,0.4401,0.4617,0.5115999999999999,0.6272,0.9887,1.1057,0.6154,0.4647,0.43810000000000004,0.3738,0.3554,0.3272,0.3178,0.3452,0.4288,0.5660000000000001,0.46490000000000004,0.4391,0.4094,0.38420000000000004,0.36200000000000004,0.3453
333,0.35229999999999995,0.32439999999999997,0.3104,0.30820000000000003,0.345,0.4355,0.7084999999999999,0.6694,0.3998,0.3236,0.2883,0.2768,0.27190000000000003,0.2638,0.2614,0.2721,0.30469999999999997,0.3809,0.3408,0.3307,0.32,0.2889,0.27399999999999997,0.2611
334,0.2582,0.25079999999999997,0.24739999999999998,0.2444,0.2523,0.2865,0.3636,0.40619999999999995,0.3624,0.35619999999999996,0.3741,0.35359999999999997,0.34630000000000005,0.3262,0.3231,0.3155,0.3669,0.3906,0.33640000000000003,0.3042,0.2749,0.2687,0.2514,0.22260000000000002
335,0.2302,0.2162,0.2059,0.20309999999999997,0.20440000000000003,0.2091,0.22690000000000002,0.25980000000000003,0.2921,0.2844,0.3003,0.29710000000000003,0.2808,0.2609,0.2615,0.2635,0.3048,0.32549999999999996,0.3072,0.2922,0.2909,0.2771,0.2597,0.2155
336,0.1859,0.1881,0.1845,0.1752,0.1696,0.17170000000000002,0.1881,0.19140000000000001,0.22149999999999997,0.2304,0.2398,0.2395,0.2396,0.23,0.2144,0.2158,0.2807,0.31629999999999997,0.2712,0.2548,0.2398,0.22519999999999998,0.20379999999999998,0.1839
337,0.1989,0.19940000000000002,0.19690000000000002,0.1972,0.2101,0.2341,0.3007,0.314,0.27649999999999997,0.2707,0.2917,0.2942,0.2917,0.2748,0.278,0.2796,0.34380000000000005,0.43200000000000005,0.3375,0.33020000000000005,0.32420000000000004,0.3116,0.2655,0.23800000000000002
338,0.2659,0.2577,0.2553,0.256,0.2718,0.3089,0.4007,0.5273,0.3411,0.3118,0.3272,0.3102,0.2877,0.27190000000000003,0.2826,0.2807,0.3531,0.44310000000000005,0.36579999999999996,0.36119999999999997,0.3532,0.3267,0.2975,0.2657
339,0.2662,0.24539999999999998,0.23850000000000002,0.23579999999999998,0.2556,0.2846,0.4083,0.4731,0.39899999999999997,0.36979999999999996,0.3506,0.33240000000000003,0.3118,0.2949,0.2873,0.3028,0.3826,0.6235,0.4471,0.4129,0.3807,0.36579999999999996,0.3075,0.2955
340,0.29410000000000003,0.2932,0.29410000000000003,0.3043,0.3177,0.3543,0.6201,0.6124,0.3824,0.3386,0.3115,0.2945,0.2659,0.2548,0.2486,0.2641,0.33240000000000003,0.44079999999999997,0.332,0.3105,0.2979,0.2933,0.26039999999999996,0.245
341,0.2132,0.2184,0.2113,0.21719999999999998,0.2293,0.2687,0.4201,0.40020000000000006,0.2859,0.2336,0.2151,0.2072,0.2024,0.2007,0.2005,0.20420000000000002,0.2412,0.2979,0.2591,0.2484,0.2302,0.22210000000000002,0.20379999999999998,0.2028
342,0.2191,0.2065,0.2027,0.1956,0.205,0.20879999999999999,0.226,0.256,0.2328,0.2072,0.2005,0.20550000000000002,0.1968,0.1858,0.1893,0.2028,0.28800000000000003,0.3222,0.2672,0.2579,0.2464,0.2441,0.2169,0.1956
343,0.1791,0.17149999999999999,0.1677,0.1593,0.1628,0.1684,0.1812,0.1875,0.2161,0.24,0.2509,0.2522,0.2575,0.2511,0.2528,0.2511,0.2842,0.335,0.3301,0.3296,0.3173,0.30010000000000003,0.2498,0.23920000000000002
344,0.2553,0.2553,0.2506,0.2548,0.28559999999999997,0.3103,0.44170000000000004,0.5644,0.4474,0.3447,0.3604,0.3095,0.2882,0.2656,0.2637,0.2917,0.4385,0.7128,0.48310000000000003,0.4235,0.408,0.3644,0.32420000000000004,0.2842
345,0.2738,0.2468,0.2509,0.2577,0.2871,0.3307,0.6685,0.7326,0.35600000000000004,0.2895,0.2708,0.263,0.25420000000000004,0.2391,0.239,0.2514,0.2798,0.4853,0.40880000000000005,0.35729999999999995,0.3513,0.3144,0.2915,0.294
346,0.2646,0.2622,0.2589,0.263,0.2785,0.3066,0.493,0.5761999999999999,0.3296,0.2782,0.2687,0.2696,0.2559,0.2462,0.24989999999999998,0.2659,0.30269999999999997,0.4677,0.3342,0.3308,0.33549999999999996,0.313,0.3024,0.2865
347,0.2655,0.2586,0.2576,0.2625,0.2729,0.3185,0.4984,0.6065999999999999,0.3332,0.2732,0.2707,0.24989999999999998,0.2329,0.22690000000000002,0.2255,0.2328,0.2799,0.3811,0.3124,0.2934,0.2846,0.2657,0.26,0.2394
348,0.2526,0.2284,0.2274,0.2288,0.2473,0.2688,0.4556,0.5278,0.33490000000000003,0.26030000000000003,0.2422,0.23399999999999999,0.22870000000000001,0.2245,0.2241,0.2284,0.2664,0.3193,0.29350000000000004,0.2774,0.2639,0.2527,0.2401,0.2227
349,0.2445,0.2366,0.2302,0.2286,0.2327,0.23989999999999997,0.2738,0.2863,0.2683,0.2341,0.2228,0.2212,0.20489999999999997,0.20670000000000002,0.2006,0.203,0.23199999999999998,0.2691,0.24670000000000003,0.2345,0.23120000000000002,0.2254,0.2217,0.2107
350,0.2188,0.2039,0.1928,0.1838,0.18289999999999998,0.1843,0.1981,0.2141,0.23170000000000002,0.2441,0.24760000000000001,0.2457,0.2426,0.2378,0.2345,0.228,0.2503,0.2891,0.2867,0.2707,0.2444,0.2231,0.2109,0.19399999999999998
351,0.1852,0.1744,0.1699,0.1714,0.18309999999999998,0.2027,0.2673,0.3003,0.2987,0.3098,0.3139,0.2882,0.2754,0.2636,0.2535,0.2588,0.3029,0.4225,0.37189999999999995,0.3779,0.3592,0.34869999999999995,0.3059,0.2636
352,0.2764,0.25980000000000003,0.253,0.2705,0.2982,0.321,0.42560000000000003,0.5654,0.3942,0.3187,0.3425,0.33390000000000003,0.31129999999999997,0.2993,0.2948,0.2953,0.3345,0.5069,0.44920000000000004,0.41450000000000004,0.40700000000000003,0.3901,0.34990000000000004,0.324
353,0.3328,0.3223,0.3221,0.3312,0.349,0.39799999999999996,0.5671,0.6607999999999999,0.3987,0.3046,0.2873,0.2747,0.2605,0.25,0.24719999999999998,0.2622,0.3075,0.4265,0.35359999999999997,0.35119999999999996,0.3311,0.32289999999999996,0.2913,0.2896
354,0.2942,0.2848,0.285,0.2879,0.3017,0.33240000000000003,0.49950000000000006,0.6451,0.446,0.3171,0.3038,0.2849,0.2677,0.2664,0.2608,0.2699,0.3025,0.3945,0.34340000000000004,0.33240000000000003,0.32520000000000004,0.3129,0.284,0.2751
355,0.2588,0.2445,0.2422,0.2432,0.2544,0.2891,0.355,0.44229999999999997,0.3421,0.2981,0.2768,0.2527,0.2418,0.2327,0.23370000000000002,0.2404,0.2882,0.3268,0.29600000000000004,0.2849,0.2631,0.2504,0.237,0.235
356,0.26489999999999997,0.233,0.2285,0.2225,0.228,0.2477,0.2758,0.2981,0.3231,0.2836,0.2646,0.2463,0.2297,0.222,0.2187,0.22149999999999997,0.2713,0.322,0.2825,0.2638,0.254,0.2452,0.21710000000000002,0.2101
357,0.16670000000000001,0.16190000000000002,0.15839999999999999,0.15869999999999998,0.1568,0.1607,0.1643,0.18469999999999998,0.1925,0.1841,0.1788,0.17010000000000003,0.1679,0.16449999999999998,0.16570000000000001,0.16399999999999998,0.1977,0.2576,0.221,0.21,0.196,0.1949,0.16899999999999998,0.15410000000000001
358,0.1476,0.146,0.1406,0.1404,0.1445,0.1516,0.15789999999999998,0.17420000000000002,0.1724,0.1632,0.1635,0.1583,0.1629,0.1548,0.1567,0.16829999999999998,0.1859,0.22640000000000002,0.2236,0.21960000000000002,0.21030000000000001,0.1787,0.1648,0.1576
359,0.1389,0.136,0.1332,0.1329,0.1362,0.1548,0.2143,0.2498,0.2616,0.26239999999999997,0.2704,0.2642,0.25780000000000003,0.2559,0.2621,0.2562,0.2777,0.368,0.2862,0.2861,0.2652,0.248,0.2195,0.19030000000000002
360,0.1671,0.1638,0.1594,0.1594,0.1618,0.1845,0.2325,0.2579,0.2842,0.2725,0.3007,0.2837,0.278,0.2783,0.2652,0.25239999999999996,0.2792,0.3048,0.2803,0.26649999999999996,0.2532,0.2457,0.2183,0.1938
361,0.15839999999999999,0.16079999999999997,0.1521,0.1521,0.1589,0.1837,0.2432,0.25170000000000003,0.2615,0.2615,0.2664,0.2546,0.2396,0.2297,0.2268,0.2231,0.2559,0.2975,0.2703,0.265,0.2576,0.24960000000000002,0.2274,0.21059999999999998
362,0.2014,0.1819,0.1745,0.1739,0.1945,0.2041,0.2489,0.2751,0.2814,0.2872,0.2853,0.2647,0.25120000000000003,0.23989999999999997,0.2391,0.24850000000000003,0.2926,0.3194,0.2848,0.2823,0.2655,0.2546,0.2378,0.2202
363,0.212,0.1986,0.19469999999999998,0.19399999999999998,0.19640000000000002,0.1985,0.2165,0.2463,0.2325,0.22,0.22820000000000001,0.2302,0.2202,0.212,0.20989999999999998,0.2119,0.2662,0.27690000000000003,0.2416,0.2349,0.2286,0.2275,0.21359999999999998,0.1981
364,0.2113,0.19640000000000002,0.1887,0.18760000000000002,0.1977,0.2071,0.2267,0.2329,0.2211,0.20199999999999999,0.1909,0.1827,0.18460000000000001,0.1791,0.17809999999999998,0.1875,0.2429,0.281,0.2635,0.2519,0.2349,0.2261,0.20829999999999999,0.1978
